-1.902713401140071798e-11,-1.906529000562448719e-10
1.527028449347011032e-10,1.828806196891471692e-10
-3.600303874757135285e-10,-6.419219695478158550e-11
-2.899043540998203837e-11,-2.300304075160886682e-11
1.941617865881903639e-10,2.673217415683657291e-10
-5.003804223848333526e-10,4.179253861982215137e-10
-2.839852208063289143e-10,6.412461628060884408e-11
2.760485199592132923e-10,1.681235727593801888e-10
-5.541188102145086379e-12,3.989138451945701848e-11
-1.078073091169771596e-10,8.191112870412520164e-11
-1.805902681922689501e-10,2.231278107439388218e-11
-4.785531219607582387e-10,1.742068010021042378e-10
-1.045094839107209317e-10,-2.953141988037569183e-11
-2.317997597500405533e-10,2.062053100569281708e-10
-7.053550671377692931e-11,1.321248722891066549e-10
-4.057840183211087216e-10,2.179761490823491901e-10
-5.589108086236300624e-10,3.081061085601888623e-11
-1.776065397413152519e-10,-2.991400342274494078e-10
2.328683849389314116e-10,-7.826251863926204338e-12
-1.157582272220235097e-10,1.651909441100081221e-10
2.249200641773990883e-11,3.006125118303455784e-10
-3.652080900702975250e-10,-1.880250941009966016e-10
-8.839541881706935491e-11,2.067915564758718728e-11
-3.997342385564683372e-10,3.135872588124808441e-10
1.355283497762355340e-10,-3.334335232950411498e-11
-2.687781231848146478e-10,2.282560485605414384e-10
-1.165249705622951128e-10,1.603361820824386473e-10
9.863627742860918972e-11,2.876863815717747064e-10
7.220367610375875327e-11,3.282648783815255779e-10
-6.926280605039259851e-11,1.929519531546168066e-10
-1.600581540114178018e-10,9.497743364944368350e-11
-1.238254548639405447e-10,1.178159441053764491e-10
-1.083693207362432628e-10,3.244815354468217327e-10
-9.875376348002204962e-11,4.097748739423630185e-14
-2.685071892169749916e-10,-4.775088427724450030e-11
-4.152654515477136702e-11,1.998070355360051274e-11
-5.515362430964694852e-11,-7.165317550420939982e-11
-1.423827480190221428e-10,-8.713725189122655003e-11
1.589128395027722422e-11,-7.805623950688139663e-11
-2.061568299948837144e-10,4.845545780980755897e-11
-1.351208068067767109e-10,-1.105261009641720256e-10
-3.814274353799603420e-10,-1.149214679791557335e-11
-1.039486001728146220e-11,9.993120991693306064e-11
2.985749099420545118e-11,3.043281839226897444e-10
-2.105964460900548999e-10,1.775749686937632677e-10
-5.272397349259512718e-11,-6.897667561066037816e-11
-1.432638091835309826e-10,5.056649027958880479e-10
-1.674298387107454100e-10,-3.701596980042740015e-10
-3.202963704711443894e-11,8.579931042718839568e-12
1.187899551506681479e-10,6.159531568161839855e-11
-3.061424871305291878e-10,3.071784397522216118e-10
-2.360662675307444028e-10,-7.291307563407146768e-11
-3.137831638292716974e-11,6.220863797827503162e-11
1.287660943867267319e-12,1.403948398232468269e-10
-2.578809461047228998e-12,1.582522875329789949e-10
-2.839468918032764186e-10,1.907547436450352526e-10
1.758552315547503781e-10,2.311758675062012817e-11
2.778446196784615560e-11,2.995956036888530788e-11
3.586379504657037522e-10,4.150114142016683383e-10
-4.275624477483312155e-10,-1.978832442242162145e-11
-1.019530938343056905e-10,1.290940770613306973e-10
-1.293742160852964015e-10,-4.454097921528435119e-11
8.646159042430189913e-11,-7.951735701175792634e-11
-2.503754398448264934e-13,5.050717818027829020e-11
-5.997542021912070177e-11,-8.798560680076734746e-11
-2.296529254789154897e-12,7.138103461284934554e-11
-3.245122038288918920e-11,3.166197591646654593e-11
-1.532288487599513316e-10,1.177510014028337659e-11
3.463236382602870032e-10,1.895842465832987793e-10
-2.433298907593667975e-10,3.282922415012397784e-11
-2.523167978146130573e-11,5.596259428418932450e-12
-4.754751005430604972e-10,-6.407456439406101413e-11
-4.666356534332470597e-11,3.372589308919578726e-10
-1.712443550516968059e-10,2.284765041814973790e-10
-7.008563501126248992e-12,-6.297550419875002145e-11
-1.195331016670688188e-10,7.093600647150499264e-11
-1.336953719883039295e-10,1.813395306530601446e-10
5.655974839121410747e-11,9.520810910731528545e-11
2.277227501484699898e-10,1.647421887072882154e-10
-5.767059987046454708e-11,1.586114591434977459e-10
-7.827812770059223716e-11,1.497392707845386732e-10
-3.759163864652024477e-10,-1.402448439170953092e-10
1.686062715248354479e-10,1.591099434462152465e-10
3.973814299244008492e-10,1.987826597147727136e-10
-4.563642846017623985e-10,8.647113847660690029e-11
-1.430335892461908125e-10,5.697112251145658259e-10
5.424419872970268769e-11,-1.234650141153687851e-10
-3.167763624230341859e-11,-5.739891271483870190e-11
-1.994389059201280735e-10,4.967504265671526040e-10
-1.078908231376833262e-10,5.976645817485263431e-10
9.128639959758136734e-11,5.616069065326925246e-10
-2.804975592375278924e-11,5.259515373026688296e-10
-1.283510598179563584e-10,2.291648131888257333e-10
-9.908395347357299437e-11,1.444974804278437248e-10
9.329527701634476595e-13,7.050264232866792715e-11
1.929349726778118407e-11,-4.335011369173490368e-11
-4.405958359726419926e-10,3.334121425400196391e-10
-2.498753509960183973e-10,-9.263224288678701106e-11
1.019072980440501248e-10,6.886265592592966316e-11
1.216296762244609568e-10,2.403217925603719073e-10
-2.615686263563387867e-10,4.937671826360015759e-10
-3.099899257704319472e-11,8.036754504804518396e-11
-5.711579355744173901e-11,1.189031424839333987e-10
-1.324607377213877338e-10,-9.110398964069356706e-11
7.907726298588682852e-11,-2.035600738277115102e-10
4.361666468603004014e-10,5.187334606429160842e-11
-1.450922757968165068e-10,1.028693366398328832e-10
-1.063445134785027674e-10,1.522425224740798573e-10
-3.019580126250813504e-11,-2.363993476754500944e-10
-8.491663364546152122e-11,4.852150067097137069e-11
-9.915515673298974226e-11,6.891761615967311625e-11
2.921055094346476739e-11,8.517067091388342317e-11
1.059008326582835595e-10,-2.322409630574948534e-10
9.108742136226859260e-11,-2.701408088663019176e-11
-2.466035208320417686e-11,-3.503691891368711635e-11
9.038474711127418024e-11,1.160606170280641946e-10
4.500661314185964412e-11,3.238432225036766875e-10
-1.049878729883358074e-10,-8.192088971091505505e-11
-9.725134360640893111e-11,-8.251892038941202371e-11
-1.406449094941332979e-10,3.533810212187805221e-11
-4.296061362292193174e-10,-5.231270770591986733e-11
8.438250172612714925e-11,1.422600130065205706e-10
-3.620308778803098528e-10,1.678728751398173016e-10
-1.969649433768218449e-10,2.868921794779097786e-10
-3.052819660935068896e-10,-2.195838451490783246e-11
-1.778954311744651672e-10,5.821836466013193317e-11
-3.167042623195207361e-10,2.293160971702380144e-10
-7.397642951916873109e-11,6.250808159123237995e-11
-2.036972540925341196e-10,8.412062436280283935e-11
-2.011514350688360118e-10,2.870663779635106205e-10
2.190603423216466426e-10,2.266319529950395077e-10
-4.189842244239049827e-10,-5.677009989951598398e-12
-5.151091133876372340e-11,6.769348509539610635e-11
-1.726212079934623717e-10,-1.339770499627257445e-10
-4.111595655994538926e-10,1.489189719894600798e-10
9.742805186229963742e-11,3.272763122343875300e-11
5.242426142840798759e-12,9.852063542718245821e-12
-1.018819396982357722e-10,1.351406701457212520e-10
-2.333431964358572867e-10,1.414863805051905796e-10
1.588041724931194520e-11,1.827789619161304481e-10
7.508793001612967612e-11,1.464622196296631936e-10
-2.378764415575913008e-10,-4.990320661727154071e-12
2.457377365779572020e-10,4.885857428414391389e-10
-1.007413821749090875e-10,2.735349136084553148e-10
-5.911750909946433924e-12,1.519837033961058343e-11
1.820685064317163940e-10,-3.796382273310244054e-11
4.004035223487052370e-12,3.791261737771974433e-10
9.526063549026475398e-11,-7.698359785770751024e-11
-3.289299265453861220e-10,-3.597539121359414159e-11
-3.393596251551491379e-10,-2.109129751965609032e-10
-3.257524835587170815e-10,3.498767747393588179e-11
-1.553923570585095894e-10,3.149342453250215510e-10
1.647158128520215057e-10,-1.423129106143182291e-10
-2.854512890357530674e-10,-8.542781664473393626e-11
1.192471274212586107e-10,-3.298288385340830190e-11
-2.019597957725596126e-10,-6.583390909758439191e-11
-3.499353186739186570e-10,-4.575406881550728425e-11
-9.794220351467419258e-11,-2.404462762909992215e-10
1.165709317130646547e-10,3.200263422985757022e-10
-1.474761837298758071e-10,1.059275341903528974e-10
-1.267883517124370846e-10,1.392466098740769045e-10
-1.164388671608760431e-10,-1.077861912274248197e-10
-1.540461237405494620e-10,4.557448808339094626e-10
3.422604626965097258e-11,4.171316466169901594e-11
-4.649729654976999668e-10,8.356268360170733147e-11
-3.542725728726348270e-10,2.878502211895248480e-10
-5.167395666669781899e-11,4.090224824798861292e-11
2.421689490922867151e-10,7.037069143555478516e-11
-1.980988628662773965e-11,2.926090039970823837e-10
-1.518997394849737683e-10,-6.475697304649228914e-11
1.434566761592846730e-10,-9.797940630857317484e-11
4.173332432728912134e-10,7.407886659863999882e-10
-7.181763554972278219e-11,-2.283070028977626410e-10
1.141291374863549392e-11,3.787996398285246049e-10
1.044619505846988925e-10,-4.489577377431556177e-11
-1.066360229185305335e-10,-3.001155742573763017e-10
-2.526789315970051317e-10,2.691734877980549719e-11
2.225713791005482897e-10,-2.628428192769951275e-10
-5.306718587038483849e-11,-1.235102399964920868e-10
-3.155224057288327396e-10,3.767949561830874361e-11
-3.908077152753602299e-10,2.916890666432750657e-11
-2.216927270320097601e-10,9.536922925243294691e-11
-2.061757525784079394e-10,4.286456864406473504e-10
1.192781806473185217e-10,4.222245028587088000e-10
9.323948938430132874e-11,3.068565285261380899e-11
-4.739302539409793093e-10,-7.324703577652529647e-12
4.672313894305913290e-11,1.067668758262098344e-10
-2.850217079732358916e-10,-2.649389266265818358e-11
2.125080813289799615e-11,1.919278702814047778e-11
-1.976507490854409814e-10,1.191439131367065811e-10
-4.545197606478682396e-10,2.147262704271456478e-10
-5.754627800642688427e-11,2.150632316158640797e-10
-3.632401804813919791e-10,-7.256991015158513917e-11
9.234157148614844741e-12,1.460034918494785508e-10
-1.649060792168980729e-10,-1.228390356911722977e-10
-2.147316977271753378e-10,-1.169114917258501616e-10
9.493371047871071856e-11,3.460502494841914429e-12
-8.211913908641313888e-11,-1.096335722591347552e-10
-1.667080694768557957e-10,4.465069916287592343e-10
-1.914122967726534307e-10,4.425055238479205631e-11
-3.000282665967927343e-10,-6.286622404066536514e-12
7.040636369479059444e-11,2.834841491583137587e-10
-7.095201982663469299e-11,2.528613503634930014e-10
-4.790245910835343702e-11,-8.315748664471168753e-11
-7.185274725767304731e-11,8.938036745154805205e-12
8.312833673883218863e-12,2.275330588041323649e-11
-1.587514139928775321e-11,2.984759695775968336e-10
-4.524472319566741185e-10,-1.307916601039059276e-10
7.856513359714383758e-11,-4.813277101146579247e-11
-2.349817277572668687e-11,-9.313514839582039058e-11
-2.381997561022413365e-10,4.116597397315307081e-10
-7.469422377654837440e-11,4.439643610112593899e-10
-1.347594416664718229e-11,2.849160798581660245e-10
-2.530825554934479009e-10,1.006008662418231657e-10
2.439792064819912227e-11,1.770803902118517628e-10
-9.092080351442437197e-11,2.953363021568402433e-12
-2.457604453237766943e-10,-7.674197421919044199e-11
-4.028886928954038186e-10,-7.092178982640222700e-11
-1.771688505010863073e-10,-7.786009686354325935e-11
-2.029430501962441951e-10,4.497470357671477716e-10
-1.145322364090933801e-10,4.470311930432138961e-10
-1.003484621099756386e-10,3.343487691617929036e-10
-9.084582093133490987e-11,-4.550094732912444004e-11
-4.085087829753054390e-12,7.111997889427134917e-12
-2.017481492304660304e-11,-3.134635338056811414e-11
8.863050146921540448e-11,2.496181351820915358e-10
-1.033417728204021039e-10,9.177418632057346800e-11
-1.131131468144287100e-10,1.000748441366015511e-10
-3.054480528987178826e-10,7.482619207592556745e-10
-4.442871841576726328e-11,-1.228272152109434563e-11
-2.997139725858893236e-10,2.237564716775549842e-10
6.746517987379836934e-11,-1.301297804866112223e-10
-1.429460867956996279e-10,7.052788328256352752e-11
-2.620615489814565818e-10,1.184485586350840420e-10
2.368483779079222308e-10,4.349897611192026453e-10
6.585576805880862442e-12,1.264430842057677188e-10
-3.956399562592840448e-10,2.226575308563710594e-10
-1.666112202045593940e-11,1.141801007370833310e-10
-7.327220934289199184e-11,-1.633113633617475832e-10
1.489474834792734499e-10,2.377157848834790196e-10
-1.271563710351094056e-10,1.869418218954247068e-10
-3.058541024818334163e-10,-4.218516530767256162e-11
-2.252095809756902676e-11,2.414094390810909929e-12
-3.508343204643582880e-10,7.372606255157817341e-13
1.311527707147553325e-10,8.662397205385276584e-11
-5.814057241820653921e-12,1.784372081985400106e-11
-2.734615545389278248e-10,6.868421039993674940e-11
-1.661269313156369205e-11,-1.993037531663604332e-10
-3.469967899050678017e-10,7.546271136235257893e-11
4.198714137218458450e-11,3.972536042594723259e-11
-4.908295771589676811e-10,9.227466439035578840e-13
-3.123976817220108281e-10,2.089981680498970381e-10
-1.947764174982959707e-10,-1.806607413490109273e-10
8.527089702175240813e-11,3.860182305924323910e-10
-2.514833400402809391e-10,1.316205916229390617e-10
-4.464666887569177312e-10,2.499301158827001271e-11
-2.451724249943149322e-10,2.197753053314670784e-11
-3.022877556345665149e-10,3.480446929643406015e-11
-3.023668501544771064e-10,1.833382141593811863e-10
-1.570821683046200008e-11,6.584170461848009121e-11
-2.773437653092441257e-10,-4.935317123281104767e-11
-5.428109201324544527e-11,8.666011016794245391e-11
2.355940364898216569e-10,-2.970219255531100253e-11
-1.909528192434318379e-10,3.049821034154467537e-10
-1.678576662309838910e-10,8.542108172712762239e-11
-2.022537636407396928e-10,-5.729898825199729321e-11
3.877397627189276168e-11,-5.937466981259971220e-12
7.826372798209212441e-11,2.188479855417706978e-10
-2.047476899377048875e-10,-1.047087455159820042e-10
-1.105927701880774767e-10,5.085829269504138758e-11
2.818722970676209031e-11,3.557646965319426276e-10
-4.067957627894118589e-10,-5.483237459069650615e-11
-1.553875952142800071e-10,1.285622486269946053e-10
-2.415001759814292697e-11,-3.119228633585227204e-11
-2.631423918040985246e-10,2.262478610272575595e-10
2.160962330099271744e-10,4.988420841482236773e-10
-2.871572409713937394e-10,-2.346577944412953058e-12
-9.268701012423111356e-11,-1.123176077189954838e-10
-1.403358507441121874e-10,6.844353588413524519e-12
1.713013763466382931e-10,-1.796737228861929714e-10
-2.670768963679623920e-10,9.840118598141953666e-11
-2.111650461266930014e-10,2.867230949897757918e-10
2.064195092285525339e-11,6.082853725466653867e-13
-1.633724728074014632e-10,-5.499727124364705649e-11
-1.814067519566256304e-10,-1.586344375174387429e-10
1.975890894720063928e-10,3.206809311277624649e-10
-6.372848677535738621e-11,-3.917731152500495548e-11
-2.127514300975477685e-11,5.341865330619312979e-11
-1.166490590467389733e-10,1.607491328017980621e-10
-4.144221411269950914e-10,2.309940415759704569e-10
4.987575526295523531e-11,-4.352752892635740803e-11
1.117021757264801178e-10,-3.810274501475188634e-10
-3.433687595302174349e-10,-3.941805452813240881e-11
-4.044970105727796336e-12,1.831704478838026817e-10
-2.316647855171452224e-10,1.163536300738066693e-10
-1.644452470116425810e-10,1.114591719849846385e-10
-8.992433264607371281e-11,-7.637453575038850326e-11
-1.205351823093972167e-10,-1.485451536254726270e-10
-3.240693571805183221e-10,2.283766817931390292e-11
-1.901301792182070922e-11,9.719955163181906360e-12
4.873859643931362168e-11,-3.183775233170190522e-11
1.165796343722307667e-10,1.917967511692268243e-11
-1.000189456416625731e-10,1.371503238454127574e-10
-5.060141384953945819e-10,5.245530276742914079e-10
-1.541593210991504465e-10,-1.561035556147907131e-11
-1.406863910371792854e-10,-3.784214083645433771e-11
3.826911074891150997e-10,4.603828455230036299e-10
-3.659891562538591952e-10,-2.062867381171266648e-10
-7.065308328825840948e-12,4.020791004613301111e-11
-1.771805893614976248e-10,5.275410200225566811e-12
-4.582154350143480198e-11,1.659721426676091024e-10
2.485974937449446038e-11,1.157308977403063999e-10
-1.343475758324554747e-10,2.188669259200665506e-11
-5.658862421758125465e-11,-6.268007382342894178e-12
8.339143504397916751e-11,9.082862948524083463e-11
-3.019615219379966576e-10,-8.076179033612709094e-11
1.838020172008600893e-11,-4.803351512813978145e-10
3.757729000788069239e-11,2.669045501492177733e-11
-4.835146592324244661e-10,3.117796203045038163e-12
-4.495456243969710928e-11,-3.560912946899545014e-12
-1.273495564008328877e-10,1.732409778323174327e-10
-8.234205317302170419e-11,8.122298023864854053e-11
-7.262223737465934401e-11,4.238150549759277889e-10
-1.149657455734543181e-10,1.195595239312451790e-11
-4.018695373067122785e-10,-7.348819942649899980e-11
-1.577266441346329335e-10,-2.688110551287783941e-10
-5.764246407608514693e-11,4.814378596823792136e-11
-4.096629735799540481e-10,-6.156589557293664996e-11
-3.842586054869466109e-10,1.210629668848069638e-10
-3.496670335760417858e-10,-5.666768682044237844e-11
3.579705373162822627e-12,-8.506275195313183377e-12
-3.309189951945566292e-11,9.427700759969546930e-11
-1.457444011529808050e-10,2.591284928269582009e-10
-1.478274253263910214e-10,5.981164960789145216e-10
-1.437648369515691150e-10,-1.272491062163207463e-10
5.060963285155578320e-10,3.357151216720734164e-10
-1.398243326602756578e-10,-8.972197647403994636e-11
-1.621633716621645618e-11,4.701023094921429629e-10
-2.748636258131369858e-10,-5.147919037956862990e-11
2.439256585434510633e-10,3.269111791388624290e-10
-1.801851647209012424e-10,2.227546055678515504e-10
-1.900869476722207210e-10,-4.685766879867549514e-11
2.508378285812286903e-10,1.470639910992397442e-10
-4.064810813295372517e-10,4.067695599306114754e-10
-2.892587202390473671e-10,1.314847389667228568e-10
-2.304189437517065934e-10,3.019524076014831433e-11
-1.765058237175287288e-11,6.574909940636856317e-11
-6.711459423376730660e-11,8.473203155266818019e-11
-2.014052558554990245e-10,-1.333959359605284203e-10
-4.048367626893190207e-10,1.005202933192967055e-10
-3.152980527013398934e-10,1.219711871626400583e-10
-9.445556514380225556e-11,-1.008887561290798989e-10
-1.374212242768088166e-10,-5.938108495619933144e-11
-1.048503309238950238e-10,-3.247841170831663999e-10
-2.342818510364602150e-10,1.753532864712719280e-10
-7.844179997320983780e-11,-1.317117364454960298e-10
-2.348403063956913028e-10,-9.323912833636680841e-12
-1.047139955741108873e-10,4.216023967757800845e-11
-8.689505668456706960e-11,1.041135095263151255e-11
-2.959626293121535780e-10,-4.897687721520798579e-12
-2.612207041462433575e-10,1.477298243837362644e-10
-1.194023443126576554e-10,9.188960180985770683e-12
4.769621007169824843e-11,1.191098310589448862e-11
1.153485767734662304e-10,3.500509065287756090e-10
-2.624696173246942443e-10,9.306534938804102854e-11
3.779433344473961451e-11,6.714110834762433921e-11
-1.394733353001061704e-10,-4.269104616882718139e-11
1.160711544183048611e-11,7.629059145285648043e-11
7.138314907813083287e-12,6.916592078244682941e-11
-3.709122887858271567e-10,-3.440627220983751102e-11
7.967815470951816133e-12,2.717883387722801275e-10
1.034282969646112433e-11,9.343846655484705163e-13
-4.151292800410838799e-10,1.266689585863129787e-10
-1.626707016762803828e-10,2.039597175137051365e-11
-1.562395770908097775e-10,-2.883468571133219601e-11
-7.129558213586403854e-11,-5.726718475128820280e-11
-3.801459578911320519e-10,-2.259453310166715977e-10
-2.793777238944725726e-12,6.657104279214995607e-11
-1.508706196763548716e-10,-1.174817655148799896e-10
-1.616261180897759637e-10,7.136633021998998537e-11
3.190598197272949348e-11,3.824320207046096558e-11
-2.534232012238367493e-10,5.862921492752815383e-10
-2.886524284997074811e-12,4.576465170991660697e-12
-3.520474689521615033e-10,-9.183436012039689191e-11
-8.214925088315981692e-11,7.209930871598259652e-11
-1.636633997125323046e-10,-6.975344253105224218e-11
-2.237135793142346963e-10,4.848234607040364962e-11
-7.041712609268585520e-11,1.635165424003428555e-10
9.691700145748139541e-11,1.812071482074159734e-10
7.641897680237326858e-11,1.396355795830997594e-10
-2.143967568176300036e-10,1.997819804102500602e-10
-4.482768387952595308e-10,1.131044543142261285e-10
-3.171170679488423170e-10,-1.071373968834597458e-10
-3.817484289495113167e-11,5.308199843316079439e-11
-1.398323680994063464e-10,1.235246108130690816e-10
-4.309524862037475961e-11,1.949527860879642752e-10
-2.690061680191863976e-10,-1.583331514073061124e-10
-2.316728936513499471e-11,1.223606145938707894e-10
-2.496889459297624511e-11,-2.351563410201737071e-11
-8.049857352309984939e-12,-9.374328781100039915e-11
-4.569982667640544204e-10,5.988021141274074326e-11
1.254200297447029011e-10,2.032093683481881198e-10
2.111926259766248067e-10,-3.753015557086635041e-10
-4.466454076934254509e-10,2.353119690370262381e-10
-2.015326464181543432e-11,8.982975504148881625e-11
-4.987744990130594947e-10,2.781019622861581017e-10
-7.301427979467242416e-11,-7.626493698211929618e-13
-7.810026022822372115e-11,-2.532800093996814342e-11
2.383368220817779787e-11,2.640373185118991353e-10
-1.601830505134280845e-10,-2.271204463963440806e-10
1.712633494280156959e-11,5.325695331347326106e-11
-3.665921623360440707e-12,6.232895388516958373e-12
-2.083513246595304619e-11,2.223234593704562762e-10
-1.391583147095227622e-10,9.510405927439949733e-11
6.244140641441772308e-11,1.430070431321551162e-10
2.731694019851488017e-10,4.799179465056217222e-10
-1.012034189782614992e-10,1.229318032260653201e-11
-7.700653032431029982e-11,9.267149773380796394e-12
-1.639908071077172700e-10,1.455309545473248177e-10
-1.434958115366395883e-10,4.245043586928346450e-11
2.749961751149464162e-11,-1.328655891539874086e-10
-9.157375333460694141e-11,-4.351968848801245319e-11
-4.753123891910299055e-11,-6.698591605085343787e-12
2.552651817994431249e-11,1.885748447978119584e-10
-1.192932764462134179e-10,1.626980655221992552e-10
2.873355529690786751e-11,1.483041327969299213e-10
-4.745681027713806100e-10,2.104697721950653658e-10
-1.639115172486462231e-10,-5.084708956044580411e-11
-2.015016681656787535e-10,1.329467747428897474e-10
-1.131783586212718215e-10,-2.199084783978535636e-10
-2.092704981051052471e-10,9.638174844263771820e-11
-7.844502326988207358e-11,2.983949935062807632e-11
-4.692849940948292596e-10,-1.038836865951557941e-10
-1.298726696428932467e-10,-2.471538777919981296e-11
-3.271829375510784617e-10,2.780991825900021922e-10
4.815628543573385304e-11,-2.203683664084813845e-11
-5.606495957194715020e-11,-1.303085579587643694e-10
-2.450200965312665725e-10,-1.255803004895248786e-10
-3.367902238025869954e-10,-6.589255692605893329e-11
-8.596114159850536814e-11,2.215508792749301981e-10
5.374625912344209573e-11,5.370880870755901337e-10
-9.817274835525683654e-11,7.376259957444955463e-11
2.258889683259653904e-10,-1.196711447702755237e-10
-4.417805927630782810e-10,2.952911863010079958e-10
-2.833852381999191051e-10,7.104437260334168529e-11
-4.872515700352844739e-11,6.945066247948732422e-11
-7.123050780582395728e-11,2.671281570989826310e-10
-5.887245957485770577e-10,1.023492397384776096e-10
-1.718680754496861454e-10,-6.127318442134700014e-11
-2.579054734479033238e-11,2.926734362290084183e-11
1.791079338374484094e-12,2.198354456558102586e-10
-7.373352628647926461e-11,1.320713059771709851e-10
2.437324466757368944e-10,2.046055719088433084e-10
4.751509266799522250e-12,2.501261401208953169e-11
-1.279484773895220400e-10,5.720932085430017204e-12
-1.698047737403620944e-10,8.894144806017216889e-11
-2.507393464181134094e-10,-3.270629602506052577e-11
-6.929674460621022370e-11,1.461665688441796464e-10
-9.164168120282397605e-11,7.965393071462565349e-11
-7.085906785139392017e-11,4.917583187085025172e-11
8.271215785460497385e-11,-4.916516950730230191e-11
-1.351349990551003099e-10,-2.582386400004159894e-10
4.010301298872408402e-11,3.981476923847156559e-11
-5.790692602983737368e-11,-2.975518303762683104e-11
-9.972611479406453380e-11,-9.947493503160165231e-11
-2.055657473053103491e-10,2.296075731621722849e-10
-3.557922911760954604e-10,-1.711883099182979678e-11
-9.985452656364718789e-11,-1.388533743008989031e-10
-2.571020233948834172e-10,1.479005973342717538e-10
-5.276153981078874149e-12,6.315237318468482493e-11
8.761072886770947887e-11,2.966022024811961978e-10
-3.371975920615580982e-10,-9.185426911322149701e-11
4.414028110959194724e-11,-6.653184585286972816e-11
-2.967333112426389547e-11,2.011608163988971092e-10
-8.691500802368822576e-11,1.832836082960255052e-10
-3.166203145154927036e-10,3.933354928966533806e-12
1.104287617208425921e-10,-1.302589673097294077e-10
-3.731825198565038140e-10,2.583005321064633657e-10
1.910815621108289973e-11,-6.375468103938451869e-11
-1.764953650269125452e-10,1.221215490424602114e-10
-2.077122710870250081e-10,2.223184278097940945e-11
-4.942168242138373447e-11,-5.765829100035908045e-11
-6.314748163449069469e-11,1.760070424896673286e-10
7.022445118433180496e-11,1.435901694446050096e-10
1.088283313174696185e-11,2.372973429425842773e-10
-1.910894369369191749e-11,-1.585491504918333705e-10
1.739049511287297084e-10,-9.468413760528058563e-12
-6.118942066517737561e-12,-1.266989017202877728e-11
-4.022158483339845272e-10,-1.078885409471379563e-10
-5.752839411773530258e-10,5.838201282014229538e-11
1.099104134146745568e-10,-7.756169821174227425e-11
-4.649287394982691407e-10,-8.662850178897303308e-11
-7.827129823687903142e-11,5.732793530090964451e-11
8.772539291144995372e-11,-4.185475122212048236e-11
-3.111256338735155953e-10,-1.330392005291258185e-10
-1.494307686166431896e-10,1.875475807468113436e-10
-1.898574248943703903e-10,7.367643976821050003e-12
-6.618703992344759143e-11,2.729273858291034883e-10
-2.834962534771100987e-11,-3.048816674277137149e-11
-3.742535426695917096e-10,-1.703184367028689002e-10
-5.116136536087420264e-11,5.898834025740244374e-11
-2.142993150084248326e-10,1.151105548441562332e-10
-1.212535700892825414e-10,1.575157360409037032e-11
-1.811417952872920953e-10,2.043219496135218823e-10
-1.019485291164677975e-10,-9.682112270726502399e-11
-4.863445259459523512e-12,-2.652206939457433523e-10
-3.876861558264147382e-11,-1.757200817605330970e-10
-1.996274308327782885e-10,-1.172899923514904826e-11
2.853444944191598199e-11,1.972363435011329221e-10
-3.271089877452687797e-10,4.387947403509455537e-10
-6.625399824788421095e-11,-1.225876744553781023e-10
-7.372988454716550717e-12,1.771671427364223156e-10
-5.507107677885347480e-11,3.799337113724321029e-10
1.789978990912862932e-10,-1.307924197937914175e-10
-5.685972829019595117e-11,-1.917704844174248786e-11
-2.622256935493642980e-10,6.629395222481665745e-11
-4.368228653624421519e-10,-6.673966071295232521e-11
1.148996383774948938e-10,-9.852060907509861186e-11
1.628343987110203764e-10,1.693458893804327849e-10
-1.886949831278486581e-10,2.038853454277190949e-10
-4.501453126722409719e-10,3.224063049416413811e-10
-4.048963050614439567e-10,-5.775974037825069604e-11
-2.674371000917616938e-10,-2.280489826315830137e-11
-5.195479830507969811e-12,-5.895469348799803491e-11
-2.458498377426334602e-10,3.286135485977871657e-10
-1.906604277041549560e-10,-4.006289784470445357e-11
5.666503233551285556e-11,5.796277155521585672e-11
1.535657524832554215e-11,3.949963574221336506e-11
3.234406644199886957e-10,6.285945178350262276e-11
5.580246255398063742e-11,8.546495470934254170e-11
-2.520270117294891034e-10,-1.521664346408946783e-10
-1.864589281405348808e-10,-7.913112884357386610e-11
-5.794032762798873926e-11,-1.818898061034667327e-10
-5.025900299623208480e-11,-5.897875484957924584e-11
-1.413985709585243433e-10,7.372071363267973472e-12
-1.409049232701157816e-10,1.184848320873266577e-10
-1.194358883332693445e-10,1.822810537215475125e-11
-2.064361639857566436e-10,8.825862005840571633e-11
-4.977935213793521610e-12,1.018757845108371978e-10
-8.702265180127129865e-11,-2.281012590671525085e-11
-3.874507969879766891e-11,7.236608328772113918e-11
-1.144851461442126322e-10,-1.582473354968901494e-10
-3.050281707646794489e-11,1.208684882500338206e-10
-9.058857053113045715e-11,2.758150622870831805e-11
-4.928296707291530112e-10,9.819345761248756255e-11
1.873829692544606651e-10,6.307772190327594242e-11
-2.829313008223189359e-10,-1.228083667614362076e-10
-1.666771085079117347e-13,-6.504255284222422536e-11
-2.214473552107954502e-10,2.722146520960402249e-11
-1.934602491303281523e-10,-2.265117214756656681e-10
1.595096940949858393e-10,2.522950938069726629e-11
-8.000423851585043080e-11,1.659180600809191489e-10
3.201081574273041168e-10,-4.138135621158565434e-12
-5.604756755783691213e-11,-1.554265746515533661e-10
-2.337982553341063053e-10,-3.690413911786476650e-11
1.324446492453739511e-10,-3.525426215793397484e-11
2.488099816835124912e-11,-2.625881796089134113e-11
1.043686492338217281e-10,3.246021303771474790e-11
-1.691327019308971870e-10,-5.494571120403869079e-11
3.474015551090898811e-10,1.095560274735628345e-10
-4.616169938510997489e-10,-1.164304053577259140e-10
-2.691234611833247868e-11,3.098869581321928749e-11
-4.159051651763485046e-11,-7.944649513758601791e-11
-3.662756897699808536e-10,2.658532875940822104e-10
8.780948056309495802e-11,-1.825075103938319556e-11
-3.606490881802959893e-10,2.578035145818995617e-12
1.783696126377997399e-10,2.113371088406760659e-10
-2.778694660886388984e-10,3.525148032356873373e-11
-9.821528695345338161e-11,1.948778015932259538e-11
4.538719126041753536e-11,7.793506958722583850e-11
1.097856625985435935e-10,9.025554465879359756e-12
1.836232253388025957e-11,2.566273094737763045e-11
-6.985979806933542088e-11,3.553815331949119713e-10
8.757511053704144622e-11,-9.214853147671205322e-12
-1.520038561920979581e-10,-4.415800134301799850e-11
-4.586542265323602178e-10,-7.745545757262357699e-11
-1.688356162998836662e-10,-1.361055574211991851e-11
-5.989541765480951638e-11,6.157443548659865801e-11
-2.612244709966260076e-11,-3.893245546004041086e-11
-1.118170834514376298e-10,2.650923260908134494e-11
9.975252329521510652e-11,1.025209388598638082e-10
-5.883846825274317002e-11,7.877187083726114932e-11
-1.871880904807285479e-10,1.087785047366375008e-10
-3.129833682704508052e-10,-1.432833850454391420e-11
-1.789524593148691865e-10,8.989758098984850398e-11
-2.690918345570578659e-10,-5.060414175048591680e-11
-2.940359553517973533e-10,4.039166631010450674e-11
-5.827304386508209443e-11,-7.133942602835329651e-11
-2.500062900024216377e-10,-1.554462290648990184e-10
-2.077520310439047269e-10,1.444136609459742838e-10
1.906650208816537066e-11,2.175918045012376169e-10
-2.769983672319167518e-10,-2.689452293867783240e-10
8.204539933744773997e-11,-1.178168383756949752e-10
4.987060744682323692e-11,-2.260297442214848222e-10
-5.468681623487861786e-11,-6.539343395718965338e-11
-1.055402076316275691e-10,1.121495159946052963e-10
2.541956336112149388e-10,1.622334638641890938e-10
3.037962829951780865e-10,2.924859758364388825e-10
3.057519781121157973e-10,1.218088819155021351e-10
-4.322954991729946555e-11,-4.092678971876760301e-11
1.048855367534386992e-11,2.187987280117724336e-11
-4.081510798872373273e-11,-1.766916073871016143e-11
-1.655146518718353718e-10,-1.696229628029673514e-10
5.762928603997592690e-11,-6.823214009327043109e-11
-3.890404795853057702e-10,1.889099830511125177e-10
-1.289621651109710507e-10,4.713288132895787642e-11
-2.967635090888841573e-11,-4.611177387214914801e-11
-3.514149296050646527e-10,-1.308344782255615957e-10
1.352741121177043186e-11,-9.366299331223830076e-11
1.066896919021756807e-10,6.342749717904395806e-11
-5.702807495322686812e-11,-1.823411837372960055e-11
-1.648130589855151489e-10,-6.567664118573740233e-11
-1.205619019151460237e-10,-8.883899872392031269e-11
-2.456125081161396404e-10,1.866601335794292374e-10
-1.005521001986025641e-10,6.597867165678613982e-11
-8.016701660691959472e-11,-7.643448258819159362e-11
-3.794996203129120295e-10,2.182495648103441617e-11
-5.463845084838583517e-11,-1.268634710776728886e-10
-1.291526197096870779e-11,-1.783160647943812668e-11
-1.007665789216973521e-10,-3.099994135439694605e-11
-1.461392212795004854e-10,6.154294329908257045e-11
5.090786792504277879e-11,1.843863245356424795e-10
5.212200144736097101e-11,-1.051079085966711027e-10
-1.960559970523787588e-10,-4.711355312956483610e-11
-1.026268632264405801e-10,8.661046499702252678e-11
4.653777555156211635e-11,1.204619562694212638e-10
-4.165513333976122780e-11,1.656240381456406278e-11
-4.545853153816770521e-10,7.588154884675276807e-11
-1.777450120876416952e-10,-8.802630234700839629e-11
-1.117095473191084424e-10,1.891570019658000986e-10
-5.044061570800562758e-11,1.123412899307454711e-10
-3.175166557083114827e-11,1.767878387760711874e-10
-3.521779357643664516e-10,-1.344852858340165926e-10
3.929365218521884059e-11,-1.659833857398681712e-10
-2.527657242544787907e-10,-5.921178783376816178e-11
-1.586875984600092004e-11,6.445481411699788105e-12
-2.907098886431160306e-10,-1.273309606073544491e-12
6.979211425469161778e-12,1.129865010310774392e-10
-1.967659695407337072e-10,1.242271650467513940e-11
3.219566278584619631e-11,3.422528889165762385e-11
-1.640589898940653557e-10,1.703299011739610807e-10
-3.393464829634173884e-12,-1.230737796795350109e-10
-1.712487498987789090e-10,2.915334677287588554e-11
-1.136224599766245117e-10,1.103443561584824524e-11
1.070203976182281067e-10,9.253767548827553249e-11
-2.642871086093651231e-10,1.337264058913534644e-10
-1.990170327869863497e-10,-2.621277582497620826e-10
-2.559399384847217903e-10,-3.821566307878405051e-11
-1.365617932260135177e-10,-1.609513523479270573e-10
-9.755757903314879961e-11,-1.130035750511474592e-10
-4.028448438366070198e-10,-3.592590864002739499e-11
-1.789476973845561844e-10,-1.686882210104907845e-10
5.139621551703676165e-11,-2.624150078277706736e-11
7.768308333560882291e-11,1.329716891589870023e-10
4.264745958246352856e-11,-6.657370124028430333e-11
-2.319131533339528802e-10,-2.327152814569535262e-10
-1.360249787953362822e-10,1.040127423632841841e-10
1.345870553536594006e-10,-1.338106030343743889e-10
-1.786914894196511675e-11,1.286646858974824940e-10
-2.492267706891584558e-10,6.128767359919080124e-11
4.461469756855576859e-11,3.806169119906333178e-10
-3.588340096517480615e-11,-8.230776035695958027e-11
-3.661676221783054222e-10,-5.014947582216091550e-11
-8.421081304444292477e-11,6.243464273810799692e-11
-2.336984065891201024e-10,-1.075594905256880693e-10
3.464171842688466826e-11,-4.321480673486211926e-11
-4.349481148780803619e-10,2.399297257751001144e-10
-3.184142863076330141e-10,-5.698678034518906692e-12
2.268308645450935815e-11,-8.078365721957389383e-11
-3.382738491988967197e-10,6.017655404925943951e-11
1.463495308534425024e-10,-2.176047380231893994e-10
3.713706600262550995e-11,5.836879413744903802e-11
-5.381675749868150678e-11,2.163448397675433213e-11
-1.202983649191809843e-10,4.254757557803023219e-11
-7.081175961195962947e-11,4.102961320567480385e-11
-1.652795978608010747e-10,-7.052762834531120132e-11
-1.374365787878457136e-10,2.139131014704391868e-10
-5.524811125361931914e-11,2.207398381434185152e-10
-2.137836219470022483e-10,4.884858769907293112e-11
-3.326976166271736064e-11,-6.896868553994566579e-11
-3.134484376026079359e-10,-7.397949599784213708e-11
-2.953913170843704626e-10,4.353158003185436813e-11
5.662836998178011125e-11,4.123073669893535209e-11
-1.902671354944921501e-10,3.970508962222709933e-12
-3.727795420462260950e-10,4.533203905922100047e-10
2.475344130717600945e-10,1.636734798646395517e-10
4.796926744807936701e-10,-1.277120031880745667e-11
5.852071759910837291e-11,3.781272034435000569e-11
-8.742516431565906446e-11,-8.572439273447562934e-11
2.551273839327159504e-11,1.309751082658397606e-10
-1.713063940222398624e-10,5.996745027116200784e-11
-2.511287042468895970e-10,3.394142965728651925e-10
-5.258346348816244592e-10,-1.164096527603886938e-10
-2.809961109223662008e-10,1.730277069977051396e-10
-1.964426621454213188e-10,-1.415248092282868274e-10
4.057679642896571558e-11,1.590743513854502786e-10
3.604251474208828723e-10,4.470536511951418239e-11
-1.445415889023949936e-10,-1.685683896599114447e-10
-2.397274108575479120e-10,2.811002315360430948e-11
-2.749728516008596084e-10,1.308213922030432131e-10
7.504011469917475659e-11,-2.321688998852270708e-11
-1.324386451616958154e-10,4.609638190372181819e-12
-3.204859308625856611e-11,1.329336516171248888e-10
-4.077616035467298053e-10,5.775982915982149284e-11
-1.512575021131809991e-10,2.698415400832421635e-11
3.009905518193002186e-11,7.928403122640931511e-11
-1.871769947933536850e-10,-1.453816624665904915e-10
-1.715801932358582913e-10,-1.121749718819759183e-10
2.052150423036054873e-10,3.031229119649825593e-10
-3.523816081277076133e-10,-6.942874102075558023e-11
1.046423054004485577e-10,-1.859770054804514801e-10
-4.815245919520990787e-11,-7.323627333397503607e-11
-2.560209624286861307e-10,1.513794151783805458e-10
-3.363529802683404103e-10,-2.872141955702474326e-11
3.075097176257968923e-10,3.948555684518879749e-11
6.403956803260214970e-11,-2.423519549681711947e-11
1.772055583388623793e-11,1.112803803189445095e-10
-3.465171857295792905e-11,1.334469612469638568e-10
-1.334954161906293245e-10,3.950129251248723387e-11
-2.755804446454878748e-10,-9.192181991222614116e-11
5.850567886767350715e-11,1.061571222791964153e-10
-5.015630118315194988e-12,2.006154799488190552e-11
6.861263863403919382e-11,3.618810727435565237e-11
-3.175164213048397091e-10,8.600837206914017516e-11
-1.807967799437097270e-10,5.144314042182562159e-11
2.117296592600127797e-12,-1.582423972068201125e-11
-2.618298457021025771e-10,-3.935081052458153741e-11
1.499274657363378765e-10,7.358543552870497000e-11
5.127237530961659399e-11,-7.306408796436163294e-11
-1.307260516315691470e-10,-1.942275054656899526e-10
2.237901684673641582e-10,-1.485864949637438209e-10
9.691155165542884161e-12,4.044248709526347416e-12
-1.146984541733151743e-10,7.963892601608560897e-11
-5.553525912516556425e-11,-8.622174752017620620e-11
-9.491409118374517214e-11,-2.794891046885055169e-11
-8.843330704951761765e-11,-8.613742310870435827e-11
-1.143600866719696357e-10,2.586929503518200486e-11
-6.688276245768231337e-11,1.190203499996448308e-10
-3.883436221448913960e-10,-5.905522286396489052e-11
-3.683184985126527971e-11,-2.531735290670105135e-11
1.122297186865261638e-10,7.640584257356432402e-12
8.909994202741008044e-12,-1.653719919806247219e-11
-4.945305954321101030e-11,-4.321925707189082083e-11
-4.355135490512643413e-10,7.834092301012482710e-11
1.161470062743311596e-12,-1.827717906684603616e-10
1.496528929339873272e-11,3.804180080792078850e-11
6.528082659485099323e-11,-6.994654982007697255e-11
1.299203863616380441e-10,-1.713169600347185142e-11
-6.694057724444988217e-11,6.229420010841280460e-13
-1.487932691548377198e-10,-9.662934373345422049e-11
-1.032504162933025933e-10,-3.622456946377979330e-11
-3.158670744050444655e-10,-1.176537323300432918e-10
-1.047087447048599497e-11,1.329606562748556413e-10
-4.687958433301116884e-11,1.754296764199124758e-11
7.812429325415559947e-11,-7.690494661488248478e-11
-1.407675460652209820e-10,-1.096752461076923873e-10
-4.401924759221081904e-10,9.998008080837920540e-11
4.227967563849078359e-11,1.272260702038889697e-11
6.740005921583030935e-12,1.708155157142570305e-10
-7.836566919231934769e-11,-6.228714084502867802e-11
-2.960470449761235818e-10,-1.642429395177844222e-10
6.937316641064608033e-11,-7.245939889770529736e-11
-1.397913008799722521e-10,4.867471184779270828e-12
-1.332086717946321539e-10,-7.024565901025696005e-11
-1.325452576912267509e-10,2.556011378064718408e-10
-2.380047854695030838e-10,-8.328004609556724867e-11
1.655022033256855793e-11,-2.892722308974852790e-11
-1.247343703200161402e-10,-1.066890240093357809e-10
-2.004176663781959469e-10,-9.696233195160176175e-11
-3.595507629046105879e-10,-4.910643726753413089e-11
-2.135305884290479742e-10,-7.947346850099819391e-11
-4.814870509244065682e-11,-1.140901814754486026e-10
-7.702997774419074249e-11,5.636404513439982799e-12
-9.445222642943126719e-11,-1.417367652356058087e-10
-4.238399999315575835e-10,-1.131219542509629884e-10
3.975203795820830098e-11,-3.554817923502612006e-10
-1.027824088975333577e-10,8.374209585309220107e-11
1.723170444858748441e-12,-1.546655634097295233e-11
-1.498118754268637900e-10,3.270798201187783628e-12
5.557501891634138010e-12,-1.521529390977048384e-11
-1.912447542751207318e-10,6.588200272276514998e-12
-1.036175200842357855e-10,-6.556099498892449445e-11
-4.477147889141465522e-10,-8.521895031765877679e-11
1.023565106437659368e-10,5.227820947711108826e-11
8.304170199468282345e-11,-1.344784785268438957e-11
-4.885818749549197271e-11,-1.172864254955418173e-10
-3.668525160724265484e-10,5.189251087338301446e-11
-1.634348680352312673e-10,-5.163919608327283776e-11
-1.089147440798809096e-10,1.778106590225854721e-10
-2.376838770754754058e-10,1.046365959982779420e-11
3.806356890744813355e-10,-1.237296638618078032e-10
7.107516260824833904e-12,1.254321836560827749e-10
-2.403760252371953080e-10,9.497677804982069327e-11
7.588870047096849882e-11,1.183001737628199744e-10
-2.455449169313894403e-11,1.914140490938628911e-10
-4.998015001089909416e-11,-1.404705593398722288e-10
1.318118402691272810e-10,4.676615604813701444e-11
-1.721058654724397526e-11,-6.329903093474055079e-14
-1.350592810306229131e-10,1.206979589480605266e-10
8.079385402872687255e-11,-1.729900991636480949e-10
2.767261979360446888e-11,-2.680757308038416506e-11
4.434879168153243458e-11,-4.084109835052992912e-13
-3.865658973958143945e-10,-8.273141979551493017e-11
6.412059129741121818e-11,-1.012568646398532006e-10
-5.424763576411784739e-11,2.778544772799064567e-11
-3.127515489108443684e-10,-7.475749161304099842e-12
-2.335470895019920649e-11,-1.600849663115082978e-11
-1.505160632207661913e-11,-5.748133114253046138e-11
-3.567639473043185468e-11,1.238615567964933937e-10
-1.265330218079734599e-10,7.570151248935112079e-11
8.116041617302218474e-11,-2.170370227140982058e-10
-5.108024095612547095e-11,-1.046323702669889857e-10
-3.835094677882367796e-10,-1.396585352843336937e-10
-1.674738745271381821e-10,-3.127738604285609585e-11
-7.001689754692893210e-11,1.705113883651146929e-10
-1.419111534875423898e-10,-8.775238040865135113e-11
6.679519053332187615e-11,-1.171988854479575564e-10
-5.863055403687174898e-11,-3.858183495975137236e-11
-1.511539413481472237e-11,-9.380767580942813313e-11
6.622060302609350056e-11,6.279946946290493004e-11
-5.160966183067823216e-10,-8.717313716989720061e-11
-2.690451992402170353e-11,2.224763353667568404e-10
-2.650671344753536163e-10,-2.984495033484084270e-11
-3.515574826892003781e-10,4.051424298561510070e-11
9.384331944585639798e-12,-6.359666753648456921e-11
-1.761727368409581847e-10,1.002474205132272094e-10
-5.128063503366864304e-11,-9.530580953559288010e-12
-3.295226712091938352e-10,-2.363749925588489990e-12
-3.783124929110758948e-11,-3.614772779204913939e-11
-8.031360110541194188e-12,1.663377209458576818e-10
-7.593335336928863866e-11,7.318763006619369067e-11
6.379211809232580109e-12,-5.837203751212053970e-11
-1.746619833895856624e-10,-2.163822961920933239e-10
-1.458978946553453375e-10,2.545193252936439880e-11
1.407926861371947794e-10,-2.950358661352242953e-11
2.185454651202283999e-12,1.424550707622750093e-10
-2.208909557747992852e-10,-3.449858357381038286e-11
-6.744628955140696548e-11,-1.189196113678786284e-10
8.280427352699661866e-11,1.114998662876519058e-10
-8.642822118661952615e-11,-6.413229653579160152e-13
-1.246941719420933140e-10,2.289742764078345705e-12
9.937624076743366493e-11,-9.214954098743798258e-11
-1.488289073459820306e-10,6.068386591901948303e-11
-3.063521955275622895e-10,-1.499335604038994003e-10
-2.157866695313029365e-10,-1.014156914814216863e-10
-2.602486098458879463e-10,-8.325725033366229381e-11
-1.339385015348881608e-10,-4.342207669882734588e-11
-4.833173263328793589e-10,1.163428547227225277e-10
-7.432107830710932054e-11,1.898975481159820355e-10
-4.258779603309017058e-10,-2.623713494216810288e-10
-8.849973067950103723e-11,-4.812838853272347486e-11
-7.488588962345911831e-11,-6.859283009310307904e-12
2.114367005992978762e-11,-3.554570474868779408e-11
-1.987731182340229589e-11,1.645151495649158347e-11
-1.760232600323832402e-10,1.241992666414977948e-10
6.102834241273581980e-12,-2.332742727482658988e-11
-4.318456125490561634e-10,-4.801347984548222527e-11
-3.943825788798375486e-10,-4.711919474015145515e-11
3.831259479806391266e-11,-5.119486691311841381e-11
-2.117630130240623174e-11,1.092179182657256314e-11
-7.825674404567576707e-11,6.175674263207820828e-11
-1.583989483998398541e-10,-1.306486918630529119e-10
2.029014714017460310e-10,-2.600369786276599585e-11
1.645492177466679669e-10,1.348039720656598178e-11
-1.898518748646605846e-10,3.834754500051202485e-11
-2.903697050980392547e-11,6.377694848747514572e-11
1.914389730752895224e-10,5.019732441601810551e-11
-1.408043752179299798e-10,8.219479749131091647e-11
-3.232203209268584873e-10,3.978596531534971241e-11
-3.609405567754595751e-10,-4.040535278936214560e-11
-6.948587346610866209e-11,-5.990060101853455765e-11
9.021957334982263495e-11,-6.369079991384554451e-11
4.161195362792048867e-11,-2.494755892246782881e-10
-1.077099546932564991e-10,2.966876428208339216e-10
-7.406202800243729583e-11,1.643316829214725247e-10
1.182479320106451429e-10,7.627899356798877708e-11
-2.096405743062114136e-11,-1.513078134632543496e-11
-9.176402804901107205e-11,-1.522710967767351780e-10
-1.963420719515734845e-10,9.158229514941141623e-12
-7.680837458450124897e-12,4.182648934711470058e-11
7.814632641177832353e-11,6.155207108237563115e-11
4.667226075357808618e-11,1.816076755731431736e-10
-1.143290840937820758e-10,5.859528954046568338e-11
-1.633753335727964304e-11,-1.434068292689007498e-10
-1.259116564248853614e-10,-3.395352786314850980e-11
-7.077320539236021204e-11,-1.150755651710716496e-10
2.762956898090448887e-10,1.523892965600553361e-10
-3.062331662249214373e-10,-6.990345889858923263e-11
-3.554022045954038176e-11,-9.712927623993436119e-11
5.815000902540723981e-11,6.477530910589595405e-11
-3.762141280854264612e-11,-4.127599137221771549e-11
-1.019392848227562295e-10,1.961963903302954564e-11
-1.163682552202693327e-10,4.733939208557226032e-11
2.473500813519420530e-10,-3.302645746894577508e-10
5.787658857902317775e-11,-4.652802471256279927e-11
-2.695580780604653676e-12,2.340024347874677384e-10
-3.914891351853194070e-10,-1.600226100901058969e-10
-3.301535110835722377e-10,2.154523006299344319e-10
-6.568031982686754691e-11,-7.002937526465914852e-11
-4.150340506302937250e-11,-1.767698510663516711e-10
1.518306723088533507e-10,-5.509400939847211489e-11
-2.875119556838242107e-10,4.375557115011794774e-11
1.169732654539359518e-13,-7.038343428519191807e-11
-2.053345158630972590e-11,1.038841727639173695e-11
1.069706608661470262e-11,8.717329644938728143e-11
-3.863702557265851147e-11,4.585912210077110458e-11
-1.460740640527520602e-10,3.195037672442594347e-11
-2.179339014501571051e-11,2.933764748907082574e-11
-8.922795680030384182e-11,1.728059154875681409e-10
5.526889527097947550e-12,-1.275366148943762710e-10
1.395074704632985820e-12,2.989816895003956191e-11
-2.215894102531367734e-10,4.977039084264263964e-11
-2.242595018642181148e-10,-1.369893146470583069e-11
-7.263515208552733492e-11,-5.685209833903598020e-11
8.105302753195291450e-11,1.907764922689470780e-10
-3.130295135049983397e-11,3.726254725868998896e-11
8.914096076269010967e-11,-6.630755690589739555e-12
-1.681882449463897568e-10,-1.281383438050474981e-10
5.419498920006194830e-11,-9.861350821353794658e-11
1.241201966767956781e-10,1.809905804089205733e-10
-1.506552638688630309e-10,-7.392326747980130046e-11
1.051958881825778256e-10,-1.312023190312291677e-10
-2.294537902750673034e-10,-2.501186002059079415e-11
1.157520453804705031e-12,3.054201906153787648e-11
-3.979624421588111707e-10,-7.014725893876755364e-11
-5.335448424026913522e-11,-1.022002668580370877e-11
-9.800875719545941104e-11,-6.139148144511306347e-11
-2.601442458140851874e-10,3.385522098035016600e-12
4.990066799111213306e-11,1.176774170567244044e-10
-4.019601014998123958e-11,-5.606541157069668657e-12
5.409321058177181124e-11,4.118273654564085985e-11
-1.084353764779260964e-10,-4.037190701030074533e-11
-6.308314508271878806e-11,1.334666661206897971e-11
-2.413818454225856335e-10,-1.002472818116465681e-11
-2.904406004132328784e-10,6.545546572105257773e-12
-9.388619020569904455e-11,-8.657737545990150238e-11
-2.959190471905135213e-10,1.716084243374134187e-10
-1.506060858510696331e-10,-2.749379523227051319e-11
-6.130961449750033762e-11,4.896621348339222473e-11
-1.054942400226823076e-10,-4.701513150877999742e-12
-1.564450298921025870e-10,-8.667629810926986119e-11
-1.553765414196035967e-10,1.818781417443790861e-10
-1.703838392582528540e-10,-6.264637156007449668e-11
-3.884663333340651364e-10,3.812245085584668491e-11
-1.172976676291724460e-10,-3.133995481799129940e-11
-9.923696954875116560e-11,-4.186079221887057133e-11
-1.619312517498657290e-10,3.854522689839203799e-11
-1.404882788188624315e-10,-6.789617332548097945e-11
-3.590965782001918817e-10,-7.044946791072254145e-11
9.199907206617734377e-11,-9.170176043459682816e-11
9.695748745280326584e-12,-2.192248380573380481e-10
2.031725431090225686e-10,-5.396385335724800537e-11
-2.815507753136666956e-10,-1.275065832216282458e-11
-2.411490122141980195e-10,-8.970764611421699988e-11
-7.391412715880728216e-11,-6.507934828649930895e-12
-3.394820184111233066e-10,-1.870395760307918455e-10
-8.555253203913128372e-11,-1.030386493764846279e-10
-1.076977062649403805e-11,1.400642998976067221e-12
-1.210489913749549008e-10,-1.600716149814844130e-11
-1.119362668437064337e-10,-3.227413104438778687e-11
-1.140325993102169898e-10,-6.095139458303159565e-11
1.231309313292029364e-10,3.586391593428109955e-11
2.205281807605140649e-10,-3.939218569683832580e-11
4.374258102596196762e-11,1.301647101181623218e-10
4.156449958059309178e-11,-1.243481704576501132e-10
-5.166258951796970192e-11,-3.900008229893115994e-11
-1.895359323331512081e-10,-4.889172836095281116e-11
5.054982171239304587e-11,-9.064248635185379470e-11
8.318308783207316193e-11,-4.889495509752081641e-11
2.116512527191011804e-10,-5.603697278338540378e-11
4.877162667345616388e-11,1.528607710095805756e-10
-9.317188705766803077e-11,-1.053732446364813138e-10
-5.242614694940835319e-11,-3.443843669329304363e-11
-2.485786386588488150e-12,1.112013375286958529e-10
-1.410261966645739174e-10,-9.736908491398380546e-11
5.049882519977755351e-11,1.571963608733432131e-10
-1.548256749127296676e-11,5.823817414085959446e-11
-1.656252182509580867e-10,-1.674347498174472351e-10
-3.014274440539238372e-11,-1.296025945598793254e-10
-3.409753999569343816e-11,6.951485493375392763e-11
-3.999519611737631821e-11,4.026937887796825803e-11
-5.624424351828415683e-11,-3.339499118468647271e-12
-7.204307844031799546e-11,-2.136881178942190642e-11
2.480622036772186412e-10,-2.334820391427512682e-11
6.936511801028771116e-11,3.977093819333437257e-11
3.888852197401535609e-11,-8.735226173015902876e-11
2.024019156419820150e-11,6.035206876239752839e-11
-6.533235192829720200e-11,-5.467707574022949030e-11
-1.013733553769915830e-10,1.493725921790425139e-10
1.242514730266429200e-10,-1.598588920041885950e-10
-3.718609977257486978e-10,1.642386493784673985e-10
-2.216771846367069674e-11,-7.590777390341228523e-11
-5.638955070872147025e-11,5.752547252096494541e-11
3.977580028554335109e-11,-1.123424612314241736e-10
-4.502286973192286663e-11,-1.639887284912808702e-12
5.873993622117861950e-11,-1.732455611569802551e-10
-4.257014543370220873e-11,-2.496823901901921526e-11
-7.045263054856271672e-11,-1.039757569020924332e-10
-1.323848473201987967e-10,-5.574893347741940031e-11
1.854679522661654090e-11,-1.218556211698343730e-11
6.456537275679736389e-12,-8.294270482218212517e-11
3.583213759734923536e-11,4.519492965789655225e-11
-4.312840132245997173e-11,7.983547536836503120e-11
-6.436229762256436865e-11,2.804487814994720997e-11
-3.257302294251395237e-10,1.419078210548242709e-10
2.181889457016591566e-11,1.528505121368595776e-11
-4.838720363413442654e-10,-2.590667043748367143e-10
-2.518616073933724227e-11,5.242224747012239145e-11
5.033137897895456408e-11,5.616144153912081389e-11
-2.440055586021468901e-11,1.178151357610595711e-10
-3.429892451594793558e-10,-1.423278348497058373e-11
-1.754298597619675394e-10,7.942906265084392207e-11
-2.533451926369260275e-11,-7.087479047596487733e-11
3.309635973987225383e-11,4.152273227337315911e-11
1.173098401077312450e-10,4.284962841186434011e-11
-1.915359798342264115e-10,-1.415857085381871549e-10
8.040361838822868648e-11,-6.446139318528929970e-12
-1.401628388843686075e-11,-3.726873132820653457e-11
-1.304057150559532174e-10,-2.154431598801519948e-10
-2.604870438573915516e-10,1.168335652872678925e-10
3.304337907871346214e-11,-1.666856808040005648e-10
-2.930315821695354395e-10,-4.102351545003650204e-11
-1.291819686262480620e-10,-3.173107223773275006e-11
-6.349397834810372347e-11,-2.487320741967917012e-11
-3.166910704318435760e-10,6.069753543931023355e-11
1.361841608478297443e-11,1.315437142805823559e-11
-6.477542470159375101e-11,-2.929244493048577615e-11
-3.096506412524108164e-10,-1.110600566900626521e-10
3.850680562260086429e-11,7.341776796995473962e-11
-3.140078061138166111e-10,-2.084247776978559392e-10
1.860822811494620342e-10,1.985954156816511415e-11
7.798896433980958582e-11,-1.742253297491139306e-10
-8.142445507297041761e-11,-7.350724040314483400e-11
-7.176296747713417210e-11,4.662254831559157636e-11
-8.437310956727198869e-12,-6.847537000249593517e-11
4.228758917707855491e-11,-1.363138271475895308e-10
-1.682753120903449195e-10,-3.988730611850585569e-11
-9.191017884972337331e-11,3.491525172522116628e-11
-4.141781367476374593e-11,-1.652163636353678910e-11
5.429295561002528120e-11,1.007582412681280579e-10
-9.443929205961579604e-12,-1.217973477337604454e-10
-5.780162404467640992e-11,-1.232191377265988378e-10
-4.074584444363622664e-11,4.170943280618371743e-11
-5.893023239111568673e-10,-3.747062450859422189e-11
-2.631099681244029986e-11,6.345182152341286195e-11
-2.648569854479950371e-10,1.613057768066000756e-11
-4.405163736193304821e-10,1.336613618286214942e-10
-1.502927069856964938e-10,-6.210641691527181121e-11
6.464480948383522031e-11,1.913830588555036744e-10
-2.416637327355907078e-10,3.947274182095177311e-14
-2.603063558252607262e-10,-1.063342417736388998e-10
3.611573843746556503e-11,-9.205531467101569771e-11
-3.631446084164549846e-11,6.043442042239415482e-11
-2.173971404504929049e-11,-5.175185431381172864e-11
-4.011763421745545345e-12,-2.117285434311608125e-11
-9.279052841553229824e-11,-2.346276886411835054e-11
3.120214097720095184e-11,-3.032061445333705574e-13
4.911403861751556624e-11,-5.630456410243438295e-11
-6.299856392940606755e-11,3.235245672095258596e-14
-1.044294974814753215e-11,-4.442348558833848129e-11
7.037176830331042828e-12,-1.002241080664658723e-11
-1.980837154514887573e-10,-1.982565826143544598e-10
-2.329976083646203211e-10,-5.626160594824558981e-12
-5.278290672761810135e-10,-1.472245395485291323e-10
-2.507377281506919563e-11,2.713955869969659272e-11
-1.770885961846726954e-11,-2.875447263536261977e-10
4.132458347985629618e-12,-9.512392776374753264e-11
-5.944227861653932835e-11,-2.405627341892244240e-10
1.505917428449933826e-10,-6.108137760021507122e-11
-1.345671437733045223e-10,-6.943581820703882017e-11
-2.120523005505720267e-10,-1.318157550938047651e-10
-3.593824484576934263e-10,-1.337625056594149205e-10
-3.755216271023243112e-10,-1.168504235970322453e-10
-7.389251304823954427e-11,-9.780355660537497336e-11
-2.102042178623193805e-10,-1.608673237802141974e-10
-8.273585486220241964e-11,-1.530386360369527009e-10
2.794272220430031204e-11,-7.188546689472907637e-11
2.057219094986610744e-10,-1.482793976611615199e-10
-4.105483523114531708e-11,1.035682340683674978e-10
-3.440231154362491484e-10,2.081268434189114585e-11
-3.631524484762615021e-11,1.168194817016648932e-11
-2.307163385327309765e-11,5.381206941541859350e-11
-3.790820471664070227e-10,-1.398531813379104484e-10
-1.845603657591992887e-11,5.713025476594243365e-11
-6.869820040246691196e-11,9.643394866882626875e-11
-6.971109510830432435e-11,4.330331521905852178e-11
-1.089667252773929917e-10,4.505756660107879365e-11
-5.099267125108374127e-11,7.581347769079992484e-12
-7.313262659733534874e-11,1.309335223833279920e-10
-1.417876674334948694e-10,-2.068044861144955656e-10
-3.317573503528292198e-10,1.092734557080751398e-11
-3.043109657385236677e-10,-6.250656810442144073e-11
-9.278441015093612585e-11,-7.414868190219026010e-11
2.117412428901105976e-11,-2.324048425327654195e-11
1.953875809694640537e-12,-5.038625513320260309e-11
-1.068537756820673090e-10,1.028606821966305351e-11
-3.423815416840426320e-10,1.925448382341299078e-10
-6.242060048094443117e-11,1.126858466825023034e-11
3.672780862323177502e-11,1.259665763856822178e-11
-2.377635487553705508e-10,4.741931015143719431e-11
-6.608861660999617803e-11,-1.369686122504435029e-10
1.385626808805614567e-11,-8.882710975335204826e-12
-1.450936870145157553e-10,-1.038793858963290808e-10
-3.314765702443746916e-10,-1.173267421031703314e-11
1.264826936354124710e-10,-1.209187735870560425e-10
-4.138182357455188006e-12,-1.530493714459434948e-10
3.406133003053775876e-11,1.804889108215270393e-11
1.055746063839622218e-10,1.243132294910406047e-11
-5.396603845913418195e-11,-5.633423145015721520e-11
8.561674038257683908e-11,2.044247356978126957e-10
-3.677307874754702936e-11,-3.082332055645307737e-11
-2.869571368246316924e-11,-1.177261655562259640e-10
-2.066764253316524848e-11,-6.118745506166253603e-11
1.510043169668199499e-10,-4.290650629979335327e-11
4.575377228851581226e-11,3.389876825667188247e-11
-1.658115240255540597e-10,-9.139011209947716110e-11
-2.901509416861107701e-10,-7.171471069427274268e-12
-3.366270941405007059e-10,5.747613618235805075e-11
-2.556896382970291348e-11,-5.974443519610432171e-11
-2.563329303972825503e-10,-4.351951256434525060e-11
-4.192041421007838771e-10,-7.085726627145309570e-11
-1.262202350468585067e-10,-2.089445111832948138e-11
-3.089904517864682620e-11,-5.159814200189638430e-11
2.629965988606811015e-11,8.155513277739029312e-11
-2.384674524849280304e-11,-1.836980685172518236e-10
-1.043295523309841242e-10,-6.690263739236775986e-11
3.961364783116249001e-11,-1.128090850430190281e-11
-3.240411126526798268e-12,-8.663839799662360720e-12
-2.990589017910646062e-11,-9.940437327168628127e-11
-3.361630196135426306e-10,-2.930898106292713950e-10
-7.116780113151147812e-12,-6.486540372697798916e-11
8.223031427270677551e-11,-1.917293543819801632e-11
4.577661848747710472e-11,1.380817622610595510e-11
-8.847453369928713425e-11,-3.788390031569551497e-11
1.385123745438538905e-10,-7.900590956694106556e-11
-4.080414224605837042e-11,5.860234386366612624e-11
-1.354711921354332881e-10,-1.299036662612405640e-10
-1.674982442514738026e-12,-2.047459755421049898e-11
8.168752989771418991e-12,1.199521496575504806e-10
-4.873874835412794868e-11,-1.234621861086610960e-10
6.504929616307420361e-11,-8.429316062039440559e-11
-1.241450766938775682e-10,-1.251327773322534870e-10
-8.027634420095744462e-11,-1.105025929585250838e-10
-8.015750144980015967e-11,-1.662236775060267367e-11
-2.548894587498105926e-11,-1.712214745866894192e-11
4.844125126024588530e-11,1.127116183267127233e-10
-5.663127211842969076e-11,-9.714065944263618402e-11
-3.056112967856155787e-10,-2.127931021870181921e-11
-1.028648901349092800e-10,1.607923610581760073e-10
-1.117634583931055755e-11,-1.147150639182212310e-11
-6.753735595977640949e-11,-8.038636559088934427e-11
-2.211045224797034702e-10,5.083782510657593449e-11
6.214555262629853037e-12,-6.820553566374241934e-11
-2.371400250848668466e-10,4.636255128802833589e-11
-8.158472610349991954e-11,4.656122301649233382e-11
8.385416526767567881e-12,1.085768473770303680e-10
-8.685497508098095479e-11,6.965465285683628819e-11
6.562680732163417140e-11,3.607637708709229784e-11
-3.634666104340117226e-11,-1.182369199668678777e-10
2.776227726118498837e-11,-2.451852591246429532e-11
-4.018938669175749132e-11,-4.718718367287891603e-12
-1.355836803878040785e-10,-3.142549784743646278e-11
-1.507238939803374868e-10,3.346363534929894496e-11
-1.109039078349343447e-10,2.963484356394089310e-11
-1.816936856326296932e-10,1.553635236263439953e-10
-1.562471007918359440e-10,-2.971377726613552248e-11
-8.546461970588894034e-11,1.213977391363181071e-10
1.633601116657050160e-10,-7.761126719988755387e-11
2.031690479079894961e-10,-1.282481630875959219e-10
-1.109934507329108292e-10,-9.295617001717364652e-11
-9.130043217885538442e-11,-8.711025158858409333e-11
-9.714577901618121173e-11,-7.493494833537290237e-11
-3.071924291691671345e-11,-2.387771115560901268e-11
-3.582862252023439873e-10,-1.481526775711938889e-11
-6.452953156434950768e-11,8.346230999316523038e-11
-7.803454939553535423e-11,-3.896128942373262112e-11
-1.337150525674281237e-11,-2.628430143263026298e-10
-9.735957934402987388e-12,-5.388165247833456270e-11
-2.760913015809861438e-10,-1.093198614613190614e-10
-1.139574543933973060e-10,-2.610080248109690054e-11
-1.142393134977026891e-11,1.115545807056662161e-11
-3.662548060470017957e-10,-2.876339121950624259e-11
-3.237139867919665643e-11,-1.339873917601066244e-10
-8.544841726010601002e-11,5.987035962491461213e-11
-6.006580031325829780e-11,-1.166643414208361300e-10
-1.295146168010570624e-10,5.503234872266465661e-11
-1.876572778391021202e-11,5.491756648389875875e-13
6.697640887424181134e-12,-7.190437224113515120e-11
-1.692836238626372314e-10,1.421830780476154630e-10
1.091113767095713150e-11,2.047342079581478788e-11
5.135066628616317073e-11,1.143432279427323654e-10
5.954017666157223631e-11,1.782553969903939894e-10
-2.684927953476706413e-11,-1.128532767940872044e-10
7.674164151756696614e-12,6.723383870294586750e-11
-1.510580565519751755e-10,-1.462586028011929516e-10
1.973879915821135507e-11,4.472832855022011676e-13
-4.760543298792644386e-12,3.001945884417746875e-11
-2.188811907494627093e-11,1.319784921862980325e-10
1.064406453282838163e-10,-1.766005657159126122e-11
-4.123596957379141985e-11,7.843223041938178762e-11
-2.307221618392960485e-10,-7.589542186851829553e-11
-4.243150969013274293e-10,-1.444744257275018154e-10
6.283043610800516556e-12,-4.673458597634158193e-12
-2.013087181793415171e-10,8.951469652703512185e-11
-3.625587298529361954e-10,1.384734888248326199e-10
-2.770918683486685080e-10,-5.235889414196020232e-11
-2.458555594415778524e-10,-4.097338328400652741e-11
-3.507211495851244197e-10,-1.398094721343374777e-10
-9.554833772366056020e-11,-2.121704659882387358e-12
3.550246504031847763e-11,-9.456663894490079627e-11
2.112593107091418406e-10,-1.896873318317899055e-10
-7.069074080423714687e-11,-2.154541503836536911e-11
1.224319711602211021e-10,-1.225451081498405363e-10
-2.229004805388822225e-11,-3.610238200973706150e-11
-7.277257670792091575e-11,-5.451542743883155421e-11
-1.102694753431349891e-10,-7.594328961952594469e-12
-1.515709565891997510e-10,7.851409989373780372e-11
-4.985327005763079296e-11,4.819884597669955490e-11
-6.720345375958521679e-11,-2.035738053907185819e-11
3.670812554518736674e-11,1.062395552846392672e-10
-7.278371084467022444e-11,-1.497762821919275489e-10
3.521540413588221157e-11,1.455803951409158572e-10
5.843187216386116441e-11,-1.014641648529426785e-11
7.127552300360966970e-12,-1.522767597359352624e-10
9.704904076140189700e-11,1.266794466276145259e-11
4.737151674622914715e-11,1.286905098617782173e-10
-3.751034127781565202e-10,1.108963235063625377e-11
-3.264761678256599547e-10,3.058183877988192806e-11
2.057479830841415608e-11,1.201767230044084274e-10
-3.104859460720318097e-11,-2.221767316043239726e-10
-1.779094814511239048e-11,-4.294653774968499524e-12
-2.341323918274991618e-11,-3.644558345908698198e-11
-6.308040818644373758e-11,6.075597191778466787e-13
4.857975322693056596e-11,-6.927695262151110068e-11
-4.507350111949737806e-11,-1.190980977520752894e-10
-1.439212383543288218e-10,-1.945303652234755571e-10
-2.550773450525948044e-10,-1.052504295538998036e-10
2.468493447156524728e-11,-1.559635094202151699e-10
1.481639906445166684e-11,-1.284013391857698453e-10
-5.795369937154599565e-10,-8.231231805727017772e-11
-4.748294046599142707e-13,3.785656881783003061e-12
9.619014976586070064e-11,4.565114647859893582e-11
7.025046456923382467e-11,9.092762837481919140e-11
-4.382677438713633777e-11,4.764425909812216054e-11
-4.618951690325017670e-12,6.133768627062569242e-12
-1.199336115540034302e-10,-6.274737046705947780e-11
-4.611317358285722258e-12,-1.826279772760908476e-11
-3.419962078812200598e-10,-1.821323779457701537e-10
-8.094077876322960284e-11,-1.844484476507733436e-11
-1.090552895388180037e-10,2.396696134640879564e-12
6.961861995548794032e-12,3.297296636221487121e-11
1.350635387218463738e-11,-1.178724587169924385e-10
-2.284286781961366523e-10,4.688725021457665580e-11
-4.257158723059770808e-11,5.177579166876684755e-11
3.866518345710220244e-11,7.218849962160927742e-11
-1.002144864442247338e-10,-1.414510157893003816e-11
-1.740526526131011473e-11,-3.932387618016694378e-11
-1.542084955605645526e-10,1.278445632036234829e-10
1.391759496326639365e-11,3.577850064304845515e-11
-3.067048523860411796e-10,-4.625585035652160267e-11
1.815212239882479988e-11,-3.003376065326504649e-11
9.040620868093073393e-11,-4.079490931124846958e-11
7.124540447868172627e-11,-6.731428629769659665e-12
-4.254534164903565148e-10,-2.569089570520727064e-10
1.126868368272592688e-10,-1.665724434411385690e-10
3.555090582944719241e-11,7.286755159103763837e-11
1.864228471623862847e-11,1.408361057364348754e-11
-1.090408311366129282e-12,-7.866021120803349612e-11
-3.650779574769285188e-11,-6.726044010413206864e-12
-1.537117176952129486e-11,2.254077144966131954e-11
6.583414263511472245e-11,-8.733426878991243482e-11
1.298535657061282414e-10,-8.256024703871747217e-11
4.175572517321127835e-11,6.769583347194234214e-11
-9.851918237950916510e-11,-8.323583729529879587e-11
-1.068680809442807251e-10,3.810434887842388176e-11
-5.314988995270676902e-10,-7.413642273710477127e-11
-6.072556578763702249e-11,-9.653906552380469773e-11
2.741019391225538940e-11,3.419268849027461593e-11
-1.421412064378641262e-10,-8.429680115102573535e-11
-8.334745580233162824e-11,-5.186371251458623309e-12
-2.940243995800926478e-11,4.156919620607076217e-11
-3.000018959442402658e-11,-8.449251109814197387e-11
-2.332151225993174975e-11,-7.931657637000403509e-12
2.847691462130529302e-10,5.545504680735600595e-11
-4.748510334844655602e-10,1.171816641626446533e-11
-1.761929630660972359e-10,-6.109388446283329758e-11
-3.829728254241524648e-10,1.796467797886848449e-10
-1.844833142465367348e-11,-3.195828349382762332e-11
-3.141047642162585809e-10,-1.682757200078050539e-11
-2.118771533570875962e-11,-5.949880461862020022e-11
-2.242490201747560222e-10,1.604237479415033047e-10
-2.638456937830461136e-11,-1.234519178976182365e-11
-9.761808224904234223e-11,-1.012303109475374728e-11
1.372055648418837564e-10,-2.448855142906663063e-11
1.428532589256842622e-10,-2.971319491129063729e-10
-1.207291938490110711e-10,5.700880629584153485e-11
1.699713465792405624e-10,-1.059251029349341410e-11
4.753571963714715852e-11,1.030887459711338130e-11
7.075023825794011462e-12,-1.395789113914439889e-10
-3.445532571024854305e-10,-2.583055114713695936e-11
-1.422205283930229213e-10,-1.253698451869270343e-10
-2.864516571258299428e-11,-1.003586172739532744e-10
-2.849594421434942182e-10,2.139115140036781970e-11
-2.636020343086901796e-10,-9.047758595260774310e-11
-2.796927289945368962e-10,6.649243225632895407e-11
-4.218985092589839397e-10,-2.442447047147838822e-10
-3.115925637355104600e-10,-3.853862613680429822e-11
8.037987815308511907e-11,-7.956489816078819589e-12
-1.267813724235125616e-10,5.137254892177236370e-11
-4.570576270874706305e-11,-5.303431531726525934e-11
-2.891257500511292777e-10,-1.777987803909914115e-10
-2.780446718578543812e-11,-1.567488420665360936e-11
9.359477470539942481e-11,1.024888981103545921e-11
7.341290084825086926e-11,6.491114604694066551e-11
-1.512949171268122324e-10,-7.776818801042994064e-11
-1.301911996176139058e-10,1.337951234104125385e-11
-2.013487058095504761e-10,-9.870006589632979474e-11
1.807341026286767772e-11,-8.007464760914296516e-11
1.595325657224286487e-10,-1.436538042461622956e-10
-7.468974783560466068e-12,-3.102341942494742755e-11
-8.003125208825920791e-11,-5.303995822815106971e-11
1.181496094772705481e-10,3.548493967761479452e-11
-1.312597862748247228e-10,2.147796381697566838e-12
1.003680385459911646e-10,-1.201325951247436008e-10
-2.965519187993063918e-10,1.227607904459928078e-10
-1.361905326141803580e-10,2.305965288353366097e-10
9.083433750049837413e-11,-4.592786266596600801e-12
1.180748267142291320e-11,5.858051686542879157e-11
-3.075588318141583334e-10,-5.365864691189935783e-11
-1.949305579624647327e-10,2.466156062842299994e-11
9.841682674656170074e-11,1.284162415930630915e-10
-3.518510901736300325e-11,-8.191853468610029993e-11
-1.050209487127306760e-11,4.355339258197327993e-11
5.949855095823783851e-12,-1.306830731559824738e-10
-6.716750495447679996e-11,-4.619816989723112880e-11
-1.258092485592111187e-10,-6.896463884528852888e-11
1.305760702396529346e-10,6.990704448366363924e-11
2.757864739194265452e-12,-1.336671852184189657e-10
-7.208066194953914475e-11,-1.325933031139861102e-11
3.701939836181481640e-11,-1.027370681334523564e-11
6.772048311717788935e-11,-6.793483518243840408e-11
-1.366633459169875681e-10,-6.239476339084695626e-11
-7.365918672390811090e-11,-3.500839634704556658e-11
-3.393027820723449811e-10,-1.585860726494207649e-10
-1.041203624901569424e-11,7.420150876892810236e-11
6.815919015321174823e-11,1.647995189792664489e-11
-4.175602433167168794e-11,1.181421771372005304e-11
7.298273283102697969e-11,-1.837830219329379900e-11
-5.006238314178866246e-11,4.496705370677940069e-11
-9.598943944491917947e-11,3.691115002206481332e-12
-4.134722691299987674e-11,5.541880416175684131e-12
-1.112967545441630082e-11,1.195020261645379732e-11
-1.927082859031269255e-11,-6.773968351603624519e-11
5.889125469266029091e-11,-8.469957254225032841e-11
-1.052276867948586885e-10,-6.610807821740448809e-11
-3.741294976571388957e-10,2.075823852116118540e-11
-2.567769834841249156e-10,-9.708933921587383255e-11
-5.587521375403106106e-11,-3.596190788125291167e-11
3.740250592734958674e-11,-2.169301827416751683e-11
-2.793694217121236335e-12,-6.564316000381028548e-11
9.374322545358960439e-13,-6.771919105203835050e-11
-2.255728775807909370e-10,-1.462439784797300519e-10
-6.319284980662766911e-11,1.067765862263898942e-11
-9.484961748943083187e-11,6.926392662501593228e-11
-1.696325483748919900e-10,-1.263966249757077810e-10
-2.251433095088777660e-10,-1.260976543617122903e-10
-1.225873125987896212e-10,5.908994826322851193e-11
-1.604835357630488373e-10,-5.076667301971912785e-11
-3.433106510713993055e-10,1.117545101335383653e-10
1.723871968266264424e-11,1.492274355660485180e-10
-1.615079572149367525e-11,2.675615428171041856e-10
9.406994146172252713e-11,2.294141626183875059e-10
-3.177632365673483740e-10,-1.584354855344333827e-11
-1.506568772235422260e-10,-1.110663873668281440e-10
-1.922788624167475606e-10,-8.214248602795473744e-11
-7.051074819177833806e-11,3.002034193788706641e-11
-1.493929599760264609e-10,-1.132413434945651695e-10
1.363980878112308606e-11,1.105652002445085087e-10
3.130024040111853817e-12,-4.439975821379487734e-11
-1.346654017784394989e-10,-6.325318640862431809e-12
4.864733114040762621e-11,6.277095139856077685e-11
-1.675309615414565391e-11,6.632790585747681758e-11
3.864280450076504701e-11,-5.428830744773047275e-11
-1.157519767575162282e-10,-2.671211384643248429e-12
-6.362712214143389734e-11,1.505972386875986597e-12
-1.062217634662995079e-10,8.732737351365259957e-11
-2.283520205280076232e-11,-5.462073528883988827e-11
-4.434445349945527020e-11,-1.146524024389980538e-11
-3.914623784014890554e-11,-1.174594810599898571e-10
2.386913292850366259e-11,5.936262776316973214e-11
-1.006227667218180728e-10,-4.600656155455869443e-11
-3.228585464960571998e-10,2.133660080164457060e-11
-2.226470800733416096e-11,-1.379995576070816143e-10
8.370964017967611747e-12,9.076696934451139546e-11
-6.442147343081661341e-11,-1.220160294883149441e-10
-6.664289720291070065e-11,-1.257763246647634425e-10
1.845643585379733280e-10,2.016336253611824737e-11
-2.973821442172809679e-10,-1.183199305849963042e-10
7.204080738686115199e-11,1.395817632236172547e-10
9.402334258665977331e-11,-2.667147862686884312e-11
-1.167355893883485106e-10,-1.105240454599789946e-10
-6.045618542681886807e-11,-4.381182007608977154e-11
-3.279408548939199184e-10,-9.315848469823891852e-11
-2.500037157471715889e-11,3.224765160162349699e-11
-1.255569844147066329e-10,-1.512263050737205952e-10
4.675670564683135391e-11,1.057908801349137796e-11
-6.102645730695911100e-11,1.345940655669926680e-10
2.014290819612312040e-11,4.387515514568122323e-11
-3.836166319430155115e-10,-1.230825869787832604e-10
-4.661682043323894767e-10,5.582951288081082113e-11
2.639347655363469055e-11,-8.586083253035762907e-12
4.066686035181069720e-11,-2.703260614927041020e-11
5.583217255544958042e-11,1.192784778788837374e-10
-9.724265246429069826e-11,-4.010156063017466842e-11
-5.044553335977770069e-11,6.880061724213428478e-11
9.515187605854342308e-11,-1.184699975783892127e-10
-8.321851827102759731e-11,-1.879936501928125845e-10
-5.272487841750563147e-12,5.611926572343470064e-11
-2.079174878251040478e-10,-1.668172541374216382e-10
-2.973328775684273200e-10,-1.690185000645533188e-10
-2.297492494300294104e-11,-7.752961122553753206e-11
1.253070174482332847e-10,-1.439113938868619039e-11
-7.007934996955588076e-11,-3.750351986731429986e-11
4.470953179091662090e-11,-4.054732120159150481e-11
1.746606136282807927e-12,-7.212697682251294849e-11
-1.244455053968302317e-11,-1.068648952615723408e-10
1.145530864870036639e-10,7.027927876435572669e-11
-1.102302004768044982e-10,-2.551346515270567584e-12
7.042422059855158184e-11,1.517681753398552936e-10
3.393767558180234028e-11,1.092980382865539417e-10
-9.199338970215915373e-12,9.134089205557742778e-12
-2.820755698256075651e-10,2.304861396519576035e-11
-2.611812837873829569e-10,-6.638037445448857519e-11
-1.120722289261218964e-10,1.158980221438909664e-10
-2.004910158629862515e-11,-8.432617944334004349e-12
-3.422530100672248649e-10,-3.672595886950271891e-11
1.062427556098966545e-11,1.161270871999844800e-10
-8.644768962604372357e-11,4.421133124105734344e-11
-6.895287153401743925e-11,-4.742317269323088591e-11
1.419749119140851123e-10,1.073598873869572853e-10
-1.126786339647640757e-10,-5.179956990350732205e-11
-1.440237261866513435e-10,-5.428432357560922288e-11
-2.762177400324506876e-11,4.921946569073242759e-11
-6.998872491516105042e-11,-1.420511858172314867e-10
1.474951624189614421e-10,4.917098569405984177e-11
-3.035490831217897374e-12,3.741464932058901852e-11
1.248307121351453897e-11,1.229562770177559980e-10
-3.789296697832631025e-12,6.025324166303561439e-12
-4.322556319555607563e-11,-5.500249235192014143e-11
5.803750658574472395e-12,-1.355866444173641581e-10
4.027677558385523930e-11,-1.304739497196544011e-11
-1.161378067492990626e-10,-9.066148637132877491e-11
-1.307311552914579403e-10,-2.704893673607097137e-11
-9.711802246019404180e-11,2.037007581294504860e-11
5.127240911533933979e-11,3.316594264497758778e-11
-1.776837427228430122e-11,8.430657144134164277e-11
3.491661567734348612e-12,2.131530270260979664e-11
-2.451274326480961926e-10,5.166326420890942316e-11
-3.508193862254047307e-10,-2.150247161501210604e-10
-5.264882834191855305e-11,2.642442502258182339e-11
2.189236185842736100e-11,1.093976662772274772e-10
5.691795995246991841e-11,-1.317011829663312152e-11
-6.548280637722579931e-11,-1.591132156671569476e-10
-4.208252720416694497e-11,-1.281351985952489108e-11
-1.996452592013254602e-10,-3.765333270668912710e-11
1.705155162952449550e-11,6.956987073872022582e-11
6.766322359525843452e-11,-7.268144140804421487e-11
1.081649751303721663e-11,-9.468918411202044868e-11
4.376814432672905488e-12,-6.647443680286431300e-11
-1.127020336297704954e-10,-9.519665069798038712e-11
-2.308914186080084800e-10,-1.031502215228467826e-10
-2.490318645760228408e-10,-4.421129160903286160e-11
-3.267540765526284426e-10,-1.371687076142199780e-10
-4.636934541440051723e-11,-1.609504373834219283e-11
-1.364111147535595806e-10,-1.606255614718629140e-10
-1.639606981040762241e-10,-2.315017952963028398e-11
-8.908575433590044739e-11,1.521754225498577771e-11
-3.293333428860315019e-12,-5.635172393184355315e-11
-7.874451239036646864e-12,-2.606376801947546243e-11
-3.408219388508372669e-11,-1.124739483802368668e-11
-1.153131991156938931e-10,-2.881845770005934304e-10
-1.550382358264385127e-10,-1.478641137743367379e-11
1.531859471708942829e-10,8.902167254248420235e-11
-1.923927367490545121e-10,-2.362858205592413572e-11
4.734646782579182738e-11,-1.313694369749738533e-11
6.004357319519357801e-11,1.682442376405690625e-11
4.434840522072404504e-11,-1.081926524071676715e-10
-3.238798582057756975e-11,-4.122645390606966486e-11
8.789134215821936479e-11,3.363797776157374667e-11
-2.467559223042813296e-10,-1.255798103446658447e-10
-1.062588682596644755e-10,2.222753406522207512e-11
-1.581813419248223129e-10,-9.748340245866314031e-11
-3.614453625384104271e-11,-6.044418825515303729e-11
5.772245404142411634e-11,-1.103476621428102059e-10
-2.062785720612891077e-10,-1.624337907729946007e-10
-1.341187903021852440e-10,-5.437596698423031424e-11
-1.783654128333286467e-10,1.693874732795225055e-10
4.783695519801652411e-11,-1.131347115920691413e-11
-1.780297791869620372e-10,-2.203519962550187059e-10
-2.245074025473195829e-10,-1.213500871912244392e-10
-2.734332467023389207e-11,-3.150365528579466860e-12
-4.038825145935214209e-10,-6.242512676180909935e-11
-9.988575838338344174e-12,-4.093767734243553810e-11
1.690788208615337238e-10,-7.932919103674592567e-11
2.786742884671388312e-11,4.999595872693327561e-12
-9.307448100616071521e-11,-1.208649244484090094e-10
-2.392598070397171882e-10,-6.914314931218285690e-11
-5.440192472008138333e-11,3.090771965321776499e-11
-2.402002702059378539e-10,-5.466914854538174555e-11
1.889070940965521526e-12,-8.291730097792213170e-11
-9.145956077091490003e-11,5.536910692213629989e-11
3.723949440280446964e-11,-5.387504381348921633e-11
-1.186830987507553172e-10,-5.176162297814273524e-12
2.035877980955850304e-11,-3.043644241880524853e-11
-1.402110273488124884e-11,1.545842809498946785e-10
7.927060037435724484e-11,-1.076415734707975288e-11
-2.438063975216709824e-10,-3.190158763219457364e-11
-3.144499180321426504e-11,-6.723552297440581609e-11
-4.665497613562281403e-10,-7.825159721301226745e-11
-1.551602434962505184e-10,5.554030744938769025e-11
8.223440972240022123e-13,-7.100820046742745367e-12
-2.983714542339592850e-11,-3.428780974926219623e-11
-4.717933779017516018e-11,-5.950022167257915986e-12
7.739469702898174060e-11,-2.652967009963941449e-10
-3.872792617534487693e-11,-2.003595848948160619e-11
1.083042776319400713e-10,1.177818958352488429e-11
2.158244907184089451e-11,-4.431441532790714589e-12
-1.343037569289397133e-10,-4.239025132810383753e-11
3.451033424960702101e-11,4.918699103709291931e-11
-8.635800216537307232e-11,-3.091403551579562736e-11
1.502286753127545860e-12,-9.073533397011742460e-11
-1.204173597886786541e-10,9.271754026149733644e-11
5.409799877596657833e-12,1.176168118389372831e-10
-3.734297213710666672e-10,1.447563031267713399e-10
1.777188940556113551e-10,-2.245387880404675553e-11
4.806882574705421358e-11,1.122576677012146530e-10
-2.861029386687043901e-10,1.988147585088457338e-11
-1.064780026980925256e-10,-1.094356529222125978e-10
-2.893673974278775974e-11,6.480083214706088742e-11
-2.468513610965697012e-10,9.405454895289361181e-11
-1.224746470261945018e-10,-4.063611907542448683e-12
-1.290914795983156064e-10,-7.236683102616560079e-11
-6.850167991318189827e-11,-9.154333813465155157e-11
-5.943753707975362394e-11,1.573750170784339534e-11
2.311126045522818908e-11,3.329281277055197335e-11
-3.883703325902047892e-11,-2.504357801105212077e-11
-2.507419460351961510e-10,-7.498770090373228271e-11
-4.372276746429514637e-11,-1.690696132354869793e-11
7.098627210428731125e-11,2.207307840711759806e-10
7.809835563059583518e-11,1.238794285810422637e-10
-3.298089182469234734e-10,-6.582255355350117856e-11
-1.434086944966019371e-12,-1.909961218203362063e-11
-3.550645891529820452e-11,-3.345507810059083856e-11
-5.041444329950432463e-11,-2.399703282254754842e-11
-8.509032133808397864e-11,-1.404105148768884893e-10
-1.191184555242853426e-11,8.309049060248907011e-12
-1.736119859139100062e-11,1.912146576477246556e-11
1.736787485781650390e-10,-5.359970714542494965e-12
-4.010002826816014835e-10,-1.769530660272564989e-11
4.711114315701479061e-11,1.540242015537835359e-11
-6.743588809406743788e-11,-6.074833715080977266e-11
-5.345773446508662852e-11,-1.157549573681532878e-10
-7.140043009558452906e-11,-2.566224616877134235e-12
4.849550320022773572e-11,-1.210441799964097119e-10
1.335441113352224039e-11,9.587144714234837028e-12
-4.779064712942856999e-12,-4.375957049487224942e-12
-9.130112615115632391e-11,-1.053028886107018506e-10
1.627776046488961704e-10,-1.238600172708482323e-11
5.110457830680065870e-11,6.098748322856724668e-11
4.783595333948067778e-11,-1.341985608454990782e-10
-2.257473312622869132e-10,-1.445293772439094674e-10
-5.478180626307833078e-11,-1.395751630980892521e-10
-6.540363923234392086e-11,-4.679252855296859765e-11
3.110666888670626662e-11,9.959400376042376947e-11
-2.053742734228869783e-10,-7.251522367646307103e-11
-1.814713672874607098e-10,-8.701917443911993227e-11
2.984248718493815354e-10,9.907999457414054923e-11
-1.559401251241751849e-10,-1.175733636355792360e-11
-6.084656133298620257e-12,-2.082431868265913823e-11
-1.236168009049560076e-10,-4.618889924972907289e-11
-4.553225368020491607e-10,3.962398587220409956e-11
-3.381715924901764470e-10,-7.049844165512178360e-12
-1.277289953865134046e-10,-6.138354338482048202e-11
-1.393080023066063121e-10,-1.714651848658307193e-10
1.162530029620117861e-11,3.867592927530323193e-11
-5.702436576973626008e-12,-1.078910513718459720e-10
7.428347764794427231e-11,6.003599373427323777e-11
1.520172837586404763e-10,1.130201608193780017e-10
-1.221181187623978109e-11,-3.859584629000472839e-11
-6.546590066102009265e-11,8.054658806811011996e-11
-3.743925816825832855e-10,-8.387257334231688257e-12
-3.495293491055485946e-10,-1.278970195756013942e-10
-5.841455698471769170e-11,1.241769329429967203e-10
-9.913388956545328715e-11,5.411267183990757959e-11
9.165387996196690633e-12,1.751526997369035661e-10
5.915249301400201766e-11,-1.136429336361152435e-10
-3.880129328065458933e-11,-4.124740765514068284e-11
-2.750025080629618416e-10,4.491113354968670527e-12
2.074954487287026119e-11,6.349347576398477764e-11
7.743885918550943409e-12,6.374022713787701026e-11
-4.006937947914115077e-10,-1.068761267135951272e-10
-9.668774819310289377e-11,3.760400645961663600e-11
4.899056160194301306e-11,7.413963680798395282e-12
-3.734192379062751643e-11,9.979932607003896486e-11
1.218940558855581864e-10,-1.264124248041759278e-10
-2.094168921174267163e-10,-2.723430005439443417e-11
-1.782605269191219380e-11,7.006783869865559210e-11
3.346328646575045797e-11,3.387515667305768311e-11
-2.781589777061635943e-10,-1.965082350090343349e-10
-6.759599835386877361e-12,6.223870815752731329e-12
-2.592460140566879760e-10,-7.154718009702146331e-11
-4.238577353146419420e-11,6.975179410363531979e-11
-1.107660156358922938e-10,4.912249981085473842e-12
-3.609341441877793200e-11,-1.361582438007597902e-11
-1.476295318797124419e-11,-2.773311320473725830e-12
-8.080748371947677676e-11,3.803841845787008888e-11
-1.723880913532282633e-11,-7.712332679860975383e-12
-7.611186138225909993e-11,7.090858418316293973e-11
8.424260592903395539e-11,-3.408756759350044788e-11
1.118246003441837532e-10,2.105336849411022557e-11
-1.699636692317519083e-10,1.411990182118611848e-11
1.256363709794018561e-10,-7.820235347459410744e-11
-1.011121048382429383e-10,-1.668990063047732118e-11
7.194952563311294966e-11,-1.054251852476097412e-10
-1.601506303270504890e-10,-2.524813327886765022e-11
-1.142805572371757621e-10,5.263405167165025177e-11
-1.449118539891600220e-10,8.252423087995434996e-11
1.379141382882848410e-10,2.518416906957611936e-12
-8.710853034924231226e-11,-3.704019815238334178e-11
1.295977292679886286e-10,-3.960751695079227333e-11
-2.022731068306450642e-10,-4.696549398569953065e-11
-5.975308897803481986e-11,1.443899579217383679e-11
-1.539677146461588543e-10,-1.772842485911851603e-11
5.278942550697672623e-11,-2.781041412315803801e-11
-2.724964836960099960e-11,-4.825016728052340990e-11
-1.335930151513952031e-11,-8.853277333854384914e-11
-3.502492576010148506e-11,2.051243254873755025e-11
-8.624742908958255690e-11,9.451969100518135240e-11
5.003450961313929833e-12,7.809709751042278781e-12
-2.113642417409802952e-11,6.750763546874883528e-11
-9.848063609554468332e-11,-3.249242870943431030e-11
2.292106053306669197e-11,1.260871650120465537e-10
-9.830829710607182578e-11,-1.021768058172723203e-10
-4.850420519924100184e-11,3.250842629296374860e-11
1.111280791782463369e-10,-8.536686099080183135e-11
-3.130612306201111991e-10,-2.029833049012133298e-10
5.447707022974772587e-11,-5.945194145403795571e-13
-4.196167634792504621e-11,1.640239110151430486e-10
-2.135590923215299990e-11,-4.629442934609614241e-12
4.714790064578649205e-11,-1.229052291194948707e-10
7.389023637936958272e-11,-1.361411648132090224e-10
-1.385560227680761880e-11,-5.833735780333012138e-11
5.603513275337144371e-11,2.377666566728415884e-11
9.802265222125838727e-11,4.378984020755108912e-11
-8.892348138908169561e-11,6.944664752439077434e-11
5.081633113670361659e-11,5.115575474597735072e-11
-1.408280140627184599e-10,-1.229448014925319164e-10
-7.155955634755298688e-11,-4.883440589195524342e-11
6.185289450561091995e-11,-4.540002535001001311e-11
5.716327812638350247e-11,-2.148892735533893577e-12
-5.696436073339830563e-11,8.071962931369756754e-12
1.919925766364890842e-11,-1.335941097178438674e-10
-3.295867834753388804e-10,-5.262030208932837960e-11
9.295085224815756220e-13,2.376737014852181526e-10
-2.890662444152255388e-11,6.994648533609757878e-11
-9.820794047405140836e-11,6.386344321595921902e-11
-1.394556377534031434e-10,-1.014916515879186266e-10
-3.578532890443157255e-10,1.736782867721954042e-10
