-1.735663716518395461e+00,-2.691307028934337986e-04
-1.531788607846679584e+00,1.404601988314194486e-03
-1.179705759467769566e+00,2.357097870653647106e-03
-1.576320451255809107e+00,1.855607409393945396e-03
-1.541833652206079153e+00,1.860660135351152253e-04
-1.635132284483594045e+00,2.045973713735024790e-02
-1.582692574681257902e+00,7.459447383794306358e-04
-1.690330817630598004e+00,2.557953597970288699e-03
-1.840458476861723147e+00,1.250910740434241740e-03
-1.780855138389541459e+00,3.086112452151242025e-03
-1.649937767613453454e+00,1.737218485751200123e-03
-1.961694177975198405e+00,1.567360061774810374e-03
-1.538089399873119989e+00,3.207674732791862549e-04
-1.929712572464727049e+00,3.267775058313225449e-03
-1.681064983875690810e+00,2.730132416719479801e-04
-1.423596399534220236e+00,2.287050297709998688e-03
-1.427841675442872660e+00,1.375623917705973143e-03
-1.322074159279013061e+00,-4.795352747154101730e-03
-1.625874645130691132e+00,5.464988415788795371e-03
-1.667631166834634637e+00,6.040150412956976113e-03
-1.229171440357432088e+00,1.486975890252414077e-03
-1.904824284354113884e+00,2.333442013926253188e-03
-1.756457019325000202e+00,2.024526017377328325e-03
-1.570973470614830836e+00,1.664714651698886126e-03
-1.626858134006496037e+00,2.290285322926586924e-03
-1.544135782465417606e+00,2.138818361452882177e-03
-1.433222540972906245e+00,-8.862760981109447933e-04
-1.692683012736007520e+00,1.904612138103126129e-03
-1.295950361591754252e+00,9.322741213284397796e-04
-1.803295389760337430e+00,5.461820780684201355e-03
-1.703702256307673579e+00,2.246926868873892758e-03
-1.769296054978797272e+00,-5.286543849212189602e-04
-1.734872501883841567e+00,1.867079430476351401e-03
-1.140920869002238547e+00,1.527714445623567507e-01
-1.085181366180270501e+00,2.123869858115105813e-02
-1.000704531363436844e+00,8.258172980743700917e-03
-1.075016892499345067e+00,1.694563778290912245e-02
-1.272537139863401778e+00,3.000603910827872450e-04
-1.366954663211507270e+00,1.062558924784824145e-03
-1.405211935445055182e+00,4.028161749950603943e-03
-1.368241800285908694e+00,3.167925405242938419e-03
-1.779738526644450314e+00,2.303895500607291112e-03
-1.340542896222134184e+00,3.549683388052006852e-03
-1.413196195038392000e+00,5.423510701651809013e-04
-1.917431616167846631e+00,3.367751017659156680e-03
-1.675757976152296713e+00,1.120217765477988896e-03
-1.469387930129006925e+00,-4.042425940798200293e-04
-1.795902527658383541e+00,3.628003522639289789e-03
-1.490989204753295994e+00,2.920959787150561628e-03
-1.971855797218304396e+00,2.080999913793990172e-03
-1.730312926553740915e+00,-1.500172362049822551e-03
-1.710787730800542361e+00,3.669754188915561044e-03
-1.240450465431534477e+00,9.672562161244721568e-04
-1.387418072070567998e+00,2.173603322212500251e-03
-1.641244078084215241e+00,1.038595428491648209e-03
-1.869403711418847980e+00,1.522341115554764514e-03
-1.753878788123577781e+00,1.157874560652461665e-03
-1.672328909970444144e+00,1.807133236798919712e-03
-1.800695187557892485e+00,5.479945928561068269e-03
-1.763687505624809138e+00,5.827769314546328225e-03
-1.897388014690430058e+00,3.373705563015540719e-03
-1.511922922142303394e+00,3.888304856555042585e-04
-1.514530321025686632e+00,1.137786209977699296e-03
-1.972313780184570264e+00,2.556007098048720949e-03
-1.701378695785073170e+00,3.050993508615675726e-03
-1.668588151292393240e+00,2.406662220666514092e-03
-1.345906334413121241e+00,8.741391424011684536e-04
-1.579478022140141880e+00,1.970159519504560870e-03
-1.559263092761941083e+00,8.788972926535463734e-04
-1.657705988571429812e+00,2.569144811990174519e-03
-1.607029854569490990e+00,2.040577428738232432e-03
-1.444752648759400016e+00,1.553313418663146428e-03
-1.616819809818365483e+00,4.573663576653588109e-03
-1.301397821091383689e+00,-1.376954282568154386e-01
-1.321121080574462425e+00,8.308923223748494735e-02
-1.506402123539961613e+00,2.483169925558703812e-03
-1.464598006402719310e+00,3.610834045528159633e-03
-1.062364533922588672e+00,-2.778840842847860385e-03
-1.659204237121690850e+00,7.306928242581129523e-05
-1.311653042432604055e+00,-8.676329514013571276e-04
-1.373293135120477571e+00,2.232951124152449118e-03
-1.647050421230143780e+00,9.646869260512740477e-04
-1.787211247888337962e+00,3.672508042258995457e-03
-1.361578672538007018e+00,-3.210195286078193488e-02
-1.257403534974577353e+00,-9.550376884846943290e-04
-1.898435973196029414e+00,1.960825894545313065e-03
-1.755310608838976494e+00,2.236163092585200136e-03
-1.520029778912992624e+00,1.845893769656203713e-03
-1.876778338951775149e+00,2.144170863364318336e-03
-1.568866013447753005e+00,2.497617458599330105e-03
-1.641634776523573480e+00,1.041221309435763631e-03
-1.656606520442419628e+00,1.207043860101777652e-03
-1.735848264183382783e+00,2.505414636985681294e-03
-1.416792900282047629e+00,1.518565752660040562e-03
-1.727885003706408407e+00,2.597019831923230715e-03
-1.890866829087707979e+00,6.538392413944493775e-04
-1.701175935125313288e+00,3.583728826064438641e-03
-1.987849196891530390e+00,1.345282998907213617e-03
-1.655535301739398113e+00,-2.716796194998996605e-04
-1.835061258659807404e+00,5.816797787875862061e-03
-1.496486413706020979e+00,1.221892523352322880e-03
-1.451383785311485042e+00,2.514027888254352291e-03
-8.833724070278369256e-01,2.492880457900401373e-02
-5.467263610701209586e-01,5.109763770299578789e-02
-1.119518369553160086e+00,2.149475895283270346e-03
-1.281330286431743293e+00,6.518991193621721109e-04
-1.773734277207780430e+00,2.298053120975500872e-03
-1.391533175486590723e+00,1.767409988822049582e-03
-1.553379035255588514e+00,1.460191088536045255e-03
-1.238699147997660788e+00,1.932245021822502108e-03
-1.729035876871472865e+00,1.646587658547805401e-03
-1.231788990456863520e+00,-5.973249240628344427e-03
-1.782471488511326640e+00,3.180567628620027676e-02
-1.967413406079323801e+00,2.059544137717059936e-03
-1.563248035147973170e+00,-3.476777375144517873e-02
-1.825454720373528739e+00,4.034462852745729008e-03
-1.596192611041763465e+00,1.171517529159433676e-03
-1.491198600737507540e+00,4.433191464507510102e-04
-1.550578246455879050e+00,2.612953195453607269e-01
-1.058352744847184557e+00,1.247320798135048616e-03
-1.397644957344460259e+00,-7.703506674282406541e-04
-1.025001105653743361e+00,8.551164731939748381e-04
-1.519035372549767615e+00,-1.011979374203101321e-03
-1.887481922788393218e+00,2.453096487597047903e-03
-1.475833245345999245e+00,3.631035037150037725e-04
-1.677621393358310620e+00,4.144954857636568707e-03
-1.828826334309297197e+00,3.787092371187452886e-04
-1.511752002545889706e+00,1.241558082120702844e-03
-1.691802674818309260e+00,1.138174822626836918e-03
-1.078715632042307915e+00,2.261313311556858649e-02
-1.617462843441257458e+00,4.848029978464391335e-03
-1.885291193699554668e+00,1.505380244823875321e-03
-1.862718289203662669e+00,3.752518830036954793e-03
-1.976475330837598632e+00,1.661387115475999703e-03
-1.857722053276809282e+00,3.679704327116966114e-03
-1.750953336923465331e+00,6.819527917415243307e-04
-1.658309860580369444e+00,2.839605988068641049e-03
-1.221701741988506562e+00,1.226407456015184919e-03
-1.203150437214566715e+00,-7.762641528544136221e-05
-1.579779894867610279e+00,2.784143710390391685e-04
-1.619330352408545393e+00,1.406356881882631256e-03
-1.384425230305933674e+00,2.732756919074582312e-03
-1.755425186895224865e+00,3.798537468417855119e-03
-1.674187945099431252e+00,2.157168939865416503e-03
-1.145651153638959974e+00,5.358778461981485858e-04
-1.123447102608913450e+00,2.556542001429741306e-01
-1.505922798877643132e+00,-2.174577924559408654e-03
-1.508256653710893236e+00,-1.516871807986043888e-03
-1.540994360245709460e+00,-2.171933110572018058e-02
-1.609039230861907033e+00,-6.063899879250921401e-04
-1.706544166063571621e+00,9.545696668493159481e-04
-1.567324589894137477e+00,1.491669911048392264e-03
-1.675471835404881205e+00,2.099162657146707613e-03
-1.582111467371298374e+00,2.634631196270859933e-03
-1.462991692342232586e+00,4.715172483161871736e-03
-1.721573009731018677e+00,1.129630586972131014e-03
-1.546391188743469591e+00,1.839464896365605728e-03
-1.134410096847600080e+00,1.157611674741632589e-03
-1.410973428616211445e+00,2.453322940736241478e-03
-1.435999388175235758e+00,2.001363876396679981e-03
-1.541532965468131566e+00,2.337784738043709350e-03
-1.537382701031131615e+00,1.012191418389351769e-03
-1.655315687337009622e+00,1.630251437314902269e-03
-1.775712168110164635e+00,5.796120162660286373e-04
-1.887393297802412162e+00,2.756295947050556652e-03
-1.796157878050034018e+00,6.119550426517763458e-03
-1.403018309385483997e+00,4.001760348730162842e-04
-1.838569414851413342e+00,-2.290291831522767163e-05
-2.074834699965459883e+00,-2.976147264773998033e-04
-1.835628578340412043e+00,4.598964957634192087e-03
-1.749999838734870306e+00,1.987965940606034425e-03
-1.645221923703611200e+00,1.760020968227460174e-03
-1.791804915323797154e+00,2.896791755554050871e-03
-1.918116770920148095e+00,2.259381115683275001e-03
-1.812554838495704201e+00,2.855639735015549387e-03
-1.722609290674401050e+00,1.175973001646360427e-03
-1.807181703315584365e+00,1.569170507481556717e-03
-1.997921097985533301e+00,3.508786662507181776e-03
-1.913676030515340853e+00,4.878425663916148222e-03
-1.834154256630597724e+00,2.360705071390526572e-03
-1.720694610428896043e+00,3.291246603744505186e-04
-1.860120442654366490e+00,3.416560129916043978e-04
-1.837946838397865656e+00,1.287332693673090729e-03
-1.555892154304632458e+00,1.882180202607055056e-03
-1.819294260034323818e+00,1.677243575695615448e-03
-1.634123208479695499e+00,2.014238289634115095e-03
-1.880156897756429801e+00,2.239998004083322211e-03
-1.557156597219439664e+00,2.368345637801385489e-03
-1.800807554084533635e+00,5.470208722099531920e-04
-1.864080776471165324e+00,4.618607655563268001e-03
-1.817681132184819193e+00,1.228013386059638272e-03
-1.816069756985458916e+00,2.209236526692948642e-03
-1.758740589833997392e+00,1.613176864677689712e-03
-1.736068230906198995e+00,1.646785034369558851e-03
-1.624133298113200397e+00,2.383031886821689732e-03
-1.834481652933230178e+00,3.022234901853762187e-03
-1.775041223382839428e+00,1.703539941016643522e-03
-1.814156159336105301e+00,3.932212349578088732e-03
-2.001426411798502780e+00,1.631833600061842297e-03
-1.504172047437922988e+00,3.596323527772062392e-04
-1.825396610995225988e+00,9.612248000046130086e-04
-1.681771473005432282e+00,2.827082150590575459e-03
-1.686291887863075267e+00,2.030332949786550767e-03
-1.655770573072755658e+00,1.980615467020687553e-03
-1.676135157473902515e+00,1.852525814186881808e-03
-1.660952682755242327e+00,2.620893216357099778e-03
-1.852193537190770734e+00,3.288778788035686199e-03
-1.791767936357883340e+00,3.492581295139957423e-03
-1.753722535354691248e+00,9.202305280984583724e-04
-1.696032803812796752e+00,3.898871664465121747e-04
-1.704606468806075359e+00,2.539115597343924099e-03
-1.329722546830543140e+00,1.498287037738481667e-03
-1.756021340004226383e+00,3.419404872959290811e-03
-1.517828549943514016e+00,2.258629043604220774e-03
-1.794929674414909915e+00,8.725218815140165299e-04
-1.645686426824674031e+00,9.565980878771512125e-04
-1.462603649833106312e+00,1.500728265005474814e-03
-1.624845327729000033e+00,1.078972458305607965e-03
-1.562263200291398091e+00,1.664223657623434272e-04
-1.356346576135032400e+00,2.029232851099504846e-03
-1.719436530714542499e+00,6.193074337362190936e-03
-1.670407523242400938e+00,2.336633213953237358e-03
-1.880292858442350168e+00,-1.292986880565916499e-04
-1.798984216329438723e+00,7.079785463896610259e-03
-1.404560006837759945e+00,1.870275090726067520e-03
-1.617775544398517562e+00,-7.976741627097570786e-05
-1.450432924598454409e+00,7.035845103711916432e-04
-1.649657487046025439e+00,1.726023662567127172e-03
-1.411649059361987035e+00,1.412718898297570316e-03
-1.636198388468833587e+00,2.530045499909631783e-03
-1.120853848721311552e+00,-2.592689223038916781e-04
-1.368216154769268167e+00,1.429609258376138281e-03
-1.443128346548471885e+00,-2.652444530509045009e-04
-1.680081160279551344e+00,-3.264141084743594004e-04
-1.399797006165983460e+00,-6.286115267580298302e-04
-1.691065601712485211e+00,3.965436657620116483e-03
-1.545634268120937849e+00,1.586518521808675565e-03
-1.892503724811724686e+00,1.885835644624735304e-03
-1.576555540596010996e+00,4.647396736023514524e-04
-1.164785288629006432e+00,-2.146756445539036752e-03
-1.555286993125595263e+00,3.533126064141085820e-03
-1.776984306379925549e+00,1.744181329904033809e-04
-1.144083791216770729e+00,-2.706044056758127609e-03
-1.369776755978505456e+00,-1.950049736532738151e-04
-1.356238257630234756e+00,-2.028917238529913576e-03
-1.700461518819657458e+00,3.351616571480999646e-03
-5.456900290906827600e-01,2.535697705279331138e-01
-1.750638095873967348e+00,1.513418116496778251e-03
-1.555768783458341353e+00,2.423968420882509703e-03
-1.675458885813583265e+00,2.279167293867443746e-03
-1.971620230354915293e+00,4.419657421672197606e-03
-1.449617676514787457e+00,-4.461120415351210733e-04
-1.665231380590147969e+00,6.964204858234309889e-03
-1.153238174451929998e+00,-4.790798295442001350e-04
-1.500790967583247149e+00,7.341197917492816791e-04
-1.752591484882027206e+00,5.719326210669188615e-02
-1.758249338331175693e+00,8.337164533095894892e-04
-1.529217369616897804e+00,-9.604130862822480783e-04
-1.179055858308798888e+00,-2.510814380128437075e-03
-1.445541711103555782e+00,7.706238780487741080e-04
-1.151160002330604559e+00,-6.783157128507700737e-03
-1.746127403211014562e+00,-1.779610033296563469e-03
-9.892258503877900955e-01,1.174546752755561627e-02
-1.207654750130205290e+00,-4.458568421420061600e-03
-1.846655726919024687e+00,1.807070541752667930e-03
-1.198638172471551799e+00,-1.531995886920588940e-02
-1.597472217612810441e+00,1.252004771505842717e-01
-1.687465839491057773e+00,-1.707332296176072156e-04
-1.765512257515365224e+00,2.059841221036323548e-03
-1.605767015762362471e+00,-5.421203366077618178e-03
-1.423794346959342816e+00,-2.193717676735811029e-03
-1.887407242909507232e+00,-6.917331929235694121e-04
-1.549773276890526352e+00,9.755193518215321893e-04
-1.635530178273000512e+00,2.932078657309197811e-03
-1.846158678899884054e+00,2.731032466464255667e-03
-1.829795081805393853e+00,2.019838581261703195e-03
-1.526917050201139325e+00,1.455064303815498637e-03
-1.399580006266758936e+00,3.912618422782693922e-03
-1.478161075235692401e+00,-7.646193606955523081e-03
-1.307226630622656760e+00,6.754667446383149851e-04
-1.375777044680817074e+00,2.237208898737606116e-03
-1.655104594054607858e+00,1.394785733970069566e-03
-1.697955774151431951e+00,2.332641134404754568e-03
-1.488199507356663620e+00,6.701187067235572087e-04
-1.917932490248825284e+00,2.598088839350730546e-03
-1.840512643769488088e+00,-4.875579462323082272e-04
-1.601690648258791150e+00,2.756255942984778794e-03
-1.597364143104382350e+00,7.070959295912950318e-04
-1.461079524981961031e+00,-8.175058226854757873e-04
-1.417755500881241248e+00,1.243266833450382310e-03
-1.469873793015438412e+00,1.954149803238569919e-03
-1.607420842702275809e+00,-1.335665018769541246e-03
-1.854823794201212905e+00,1.297245735729693136e-03
-1.493326110122404904e+00,-1.298896077231461582e-03
-1.517857266073890710e+00,7.756002233495354684e-04
-1.358469566193174716e+00,-1.668346655523903974e-02
-1.774412353431468192e+00,5.464992232646675475e-03
-1.680295702949115677e+00,1.412564293787968613e-03
-1.479740229277297647e+00,-6.340677708595527165e-03
-1.541999056173884997e+00,-3.789591178863498805e-04
-1.553739196746922513e+00,-1.131491108828117619e-03
-1.884994205792392075e+00,-7.337796637029410721e-04
-1.702364270519238776e+00,6.073702389878624444e-03
-1.625906813341109869e+00,-3.683550807469554607e-03
-1.643851663157425591e+00,-2.007597276139389854e-03
-1.740601391007173371e+00,5.605208325855236436e-03
-1.714490803100246152e+00,-3.695788860087165749e-03
-1.510469587978431338e+00,-7.596754393589210536e-03
-1.318005688021138377e+00,-2.167054738953368143e-02
-1.571673414032126459e+00,-1.130755422274120833e-03
-1.662361943771730743e+00,-2.770588630878291492e-03
-1.526820236230448824e+00,-3.851672817492977387e-03
-1.899460785267999885e+00,6.878554494485896939e-04
-4.619151206848823854e-01,-3.657663336588901776e-02
-1.777369729766669959e+00,-3.747258044271744096e-03
-1.898050661060629141e+00,-1.730023020766392750e-03
-1.827198839299319255e+00,2.420474533657705415e-03
-1.933577869200149291e+00,1.430091013898625828e-03
-1.440998806350033190e+00,-8.964839026697644583e-04
-1.783931969983734822e+00,9.634766376903573792e-03
-1.178897190384900373e+00,4.637446214159806138e-05
-1.338692448979121430e+00,4.664301328653310333e-04
-1.230833868562090316e+00,-1.994392738103530332e-03
-1.362625770962853533e+00,3.121830269427893975e-03
-1.085041734986387896e+00,2.779488876654555470e-03
-1.773626945192890547e+00,-2.423794343226945945e-03
-1.633994233635869930e+00,-3.572534594415808715e-03
-1.601485293648926556e+00,-5.898714572464921167e-03
-1.470539268125351295e+00,4.444096340413454180e-03
-1.575108833832222111e+00,-3.844496843065970965e-03
-1.451135458230895292e+00,-5.423134401663281222e-03
-1.592618171012186723e+00,-1.305846680942280257e-03
-1.551471304815497776e+00,-3.646487944246874606e-03
-1.683413205248148747e+00,-5.843756238211062284e-03
-1.411803128636295090e+00,1.167211269990354105e-03
-1.282852212248552615e+00,-3.288326676053019391e-03
-1.441204409468035630e+00,-3.149207716056344475e-02
-1.093201775801858400e+00,1.195008232487445969e-03
-1.561756087596785747e+00,-6.852061852857575797e-03
-1.601379972402400043e+00,2.638153945436049613e-04
-1.414668519142350478e+00,1.421133045439665343e-02
-1.372189408531972576e+00,2.061293325077762952e-04
-1.528079616344820924e+00,-8.254996732617314592e-04
-1.585232640139208504e+00,3.449809317299636947e-03
-1.650920249955909247e+00,-3.493466361681065932e-03
-1.637241410638795136e+00,-1.149810066602073924e-03
-1.694127528318664089e+00,-2.139034793520327299e-03
-1.474953823649938656e+00,1.969980485658284416e-02
-1.352006763830612357e+00,5.328726153278513789e-04
-1.509947863621429409e+00,-7.293400410930074920e-03
-1.388897784859654427e+00,1.366536405688345557e-04
-9.376553616590550533e-01,-1.011174199687928620e-02
-1.170613234880895970e+00,-3.834999375602232002e-02
-1.625832900498833444e+00,-2.779324001011398981e-03
-1.292918499196789694e+00,-4.560944705246748956e-03
-1.526700594111271903e+00,1.492100328548511858e-03
-1.912019320617521556e+00,1.040435940618231019e-03
-1.269089965032836220e+00,-4.442422186670582328e-03
-1.735977254641854817e+00,-6.346986120331662984e-02
-1.453229948978501662e+00,1.475519536777107898e-01
-1.617216229424248697e+00,-2.877908871562870341e-02
-1.235214584091754331e+00,4.851581541162656129e-04
-1.166624260679172798e+00,-1.209000820624691903e-03
-1.161655793249414481e+00,-1.079764193567652776e-03
-1.286570444183599671e+00,3.572386391148018800e-03
-1.469141499009683161e+00,1.292935890627402822e-03
-1.445748876081470513e+00,1.256371134815279650e-03
-9.190101747839352075e-01,-2.733207469170874978e-03
-1.230838966944783675e+00,-9.957827611898053752e-04
-1.270358248562921899e+00,-4.381203341661185635e-03
-1.449788912348696668e+00,7.038799812304380975e-03
-1.590085149834853162e+00,-9.326741539536482703e-03
-1.309239756166235669e+00,7.221453531114059923e-04
-1.056900193710315516e+00,-6.322188378955365118e-02
-8.836769705876869052e-01,1.585233361339821734e-02
-1.345918732240577897e+00,2.398310787676831424e-02
-1.112138182248616936e+00,5.841583609763867369e-02
-1.755429577960721632e+00,2.591760772120450286e-03
-1.350668356612655385e+00,7.479130937398312251e-04
-1.469001472910664852e+00,4.602353539557985096e-04
-1.451367589580914830e+00,2.397111803124954074e-03
-1.491435451712448179e+00,2.981097469703590519e-03
-9.589672274360625526e-01,-6.301577136006019861e-03
-1.356226120255962231e+00,2.998558163757013284e-04
-1.685582297053562328e+00,2.322110937021296118e-03
-1.238578229833592781e+00,2.221729078259257126e-03
-1.613178100802956649e+00,4.084885307050530739e-03
-1.086954189382955516e+00,-4.798292899490160315e-03
-1.564893781155521912e+00,1.219765495017818835e-02
-1.359201435879897613e+00,-9.834994133516986037e-02
-1.257988713420895355e+00,-2.334227510370082484e-04
-1.607367397668400866e+00,5.082061007184203449e-05
-1.524207981187516436e+00,1.213932242320382542e-03
-1.566429351510427725e+00,-2.517399869648447724e-02
-1.143302192266977935e+00,2.549012248066560155e-03
-1.363738967347850384e+00,-4.728822309058369755e-06
-1.140949555581319164e+00,-5.665851460903262304e-02
-1.057635538003731002e+00,-2.211569797115130187e-02
-1.496000614038029530e+00,1.923583819796773411e-03
-1.216144851579332498e+00,2.203162480058545175e-02
-1.355725371743792929e+00,-2.900572948147644298e-04
-1.606024608083375993e+00,1.990176814083824408e-03
-1.552551964829531617e+00,5.656752775211135870e-04
-1.574247457630433500e+00,3.274915388050006829e-04
-1.464971845523482585e+00,9.062383080436610741e-04
-1.158670796864129215e+00,7.238477669993057667e-04
-1.231427441750927443e+00,3.259118254833465178e-04
-1.985106710893989712e+00,2.593171030288154814e-03
-1.467920088227916864e+00,3.296253445444769468e-03
-1.556152717098019833e+00,9.442846149019940016e-04
-1.261976984639289423e+00,1.612225401608108864e-03
-9.481239199647260030e-01,-2.013810239940281611e-04
-1.289131390025624935e+00,2.579708020693082665e-04
-1.505604951696357441e+00,1.053901102688961817e-03
-1.271650452997623804e+00,-2.488936479782838211e-03
-1.767858176007127913e+00,2.906836003431814176e-03
-1.428740865673477467e+00,1.968715377930003486e-03
-1.588310740155747247e+00,1.989687483490608193e-03
-1.854090119125751279e+00,-2.619499812129598773e-04
-1.665611401031517724e+00,1.137459995585815564e-03
-1.802242011672947397e+00,2.239875085857908135e-03
-1.274569673695286953e+00,1.404389251057989313e-04
-1.670659025571236134e+00,1.990159862163268754e-03
-6.459554059297426543e-01,-1.965087134104098743e-02
-1.748645491226194393e+00,2.129610635756355209e-03
-1.225498581805776199e+00,5.197315753069914682e-03
-1.923547824989947586e+00,9.125938207108488451e-04
-1.745564568265581595e+00,3.370496847614531249e-04
-1.737826613795400155e+00,1.292671255447194224e-03
-1.774732414299114991e+00,1.713387830387936607e-03
-1.580141396981612045e+00,7.442594588914532017e-04
-1.572059376971133071e+00,1.749940318207783216e-03
-1.543515592786341317e+00,3.631718838804981128e-03
-1.855061373956957915e+00,1.528697387066533207e-03
-1.744605086198778965e+00,1.730158813488976571e-03
-1.664699419738932429e+00,1.317566371210886732e-03
-4.230664263168342765e-01,8.985718930250551073e-02
-3.943865892213514468e-01,3.844248302266740080e-01
-4.680104671510839087e-01,1.753622779556306688e-01
-8.626349632258877298e-01,-1.362513157645726947e-02
-1.244344174458390739e+00,1.503878675920528041e-03
-4.793262860432563333e-01,-4.796359599367534809e-02
-1.668131684503015411e+00,1.201009060834091514e-03
-1.297815455367009374e+00,-2.869161453691584582e-04
-1.650221413429587169e+00,-1.502692351098773235e-03
-1.113022871202710373e+00,5.720309722619030396e-02
-1.701531654060747911e+00,3.028897608731612005e-03
-1.594053339622538479e+00,2.944464581553548309e-03
-1.651108326646408164e+00,2.573517744400401555e-04
-1.131698040181532638e+00,5.328825665613769538e-04
-1.669010840473210910e+00,4.815838545197586099e-04
-1.288513091584513326e+00,-8.559689858834680989e-04
-8.808835803531431807e-01,3.920269280068385681e-03
-1.400583422510118803e+00,-1.293487723750140830e-02
-1.474288328348862809e+00,1.409079626845752969e-04
-1.137939488648150199e+00,1.619284002499885196e-03
-7.901407855249000800e-01,-4.422947943073936641e-03
-1.361031299054074495e+00,1.674287865766066474e-05
-1.773854006711781395e+00,1.892475372084402932e-02
-1.373511940686888089e+00,1.216982466793744243e-02
-1.660758488009647982e+00,1.669805379562461223e-03
-1.702920303882798247e+00,5.789885459828690573e-04
-1.566277833961796873e+00,6.501831094462830370e-03
-1.701893721922886016e+00,6.660331657396866348e-04
-1.636058418617317933e+00,2.417618258168386693e-03
-1.597501030019450763e+00,-5.129488867126278523e-05
-1.701279059739298605e+00,2.166566881904140839e-03
-1.436922089791305091e+00,1.008344021058212893e-03
-1.698645424220445399e+00,4.409597479910145820e-03
-1.770374513890075052e+00,-1.425806970526384901e-04
-1.630628741980246987e+00,1.124356871880715161e-03
-1.298309239295239337e+00,3.956608152249742674e-04
-1.526143336615612300e+00,1.605786998624138782e-03
-1.888960184098965378e+00,7.229288283544131263e-04
-1.519873388478026222e+00,6.412216754957842865e-04
-1.491633861601836974e+00,2.019659823832727769e-03
-1.588403196329221778e+00,8.708963554299150103e-04
-1.853522561707637406e+00,2.962362563579377245e-03
-1.926690190753549192e+00,-1.551907099508930549e-03
-1.982635720051838080e+00,2.813015388391058337e-03
-1.746473292081396345e+00,2.502005036332462934e-03
-1.838053938473573456e+00,2.049254043052655544e-03
-2.072763554997859803e+00,2.557610279243680354e-03
-1.788314201815310200e+00,2.137145263803125195e-03
-1.753669472547387809e+00,1.847692447220383727e-03
-1.620523123514952868e+00,2.029169630433915079e-03
-1.847806134751433849e+00,2.604937741837458527e-03
-1.876614139298385275e+00,3.483067038907932712e-03
-1.883641441860386401e+00,1.857146514318755610e-03
-1.863696854016156923e+00,2.368427738832432940e-03
-1.690279955492520303e+00,-4.087490784319665685e-04
-1.767204956793384962e+00,2.277703257370570014e-03
-1.818316403455886077e+00,7.970090532756213264e-04
-1.741252992882650119e+00,4.103112697334236267e-03
-1.649494251475406736e+00,9.944448636680577880e-04
-1.907756900666215172e+00,2.364200624368245802e-03
-1.775963313957216405e+00,2.732895761937542516e-03
-1.856343300624231807e+00,1.993129822532350992e-03
-1.840199631419620063e+00,2.545570772445022480e-03
-1.765759868004440403e+00,4.483670235368838498e-03
-1.484065075178784276e+00,9.160566618712871062e-05
-1.679160139844698918e+00,1.274158284171780786e-03
-1.649969201767581772e+00,3.694074584101524408e-03
-1.780892344669511296e+00,2.817546778195303102e-03
-1.730333416380632539e+00,3.014381248369925326e-03
-1.751921676158157526e+00,1.973696662464080598e-03
-1.594546230905466988e+00,3.565421175029349563e-03
-1.528928331415039032e+00,3.880807512559019540e-05
-1.732777804773709462e+00,2.885922501799204586e-03
-1.757131987448161459e+00,1.665148771730544028e-03
-1.957483308279409195e+00,2.491171249563357316e-03
-1.728656324566625990e+00,3.566850885316666213e-03
-1.885588887135931646e+00,2.667439237386598841e-03
-1.603874575375506151e+00,2.110430790415308670e-03
-2.016293340355248986e+00,1.228830400808881076e-04
-1.862332004301061383e+00,-3.819601246594110308e-04
-1.811858353289322654e+00,2.614324353235792514e-03
-1.811290409076044439e+00,2.745154749820857831e-03
-1.894251478843772318e+00,2.353692380047730376e-03
-1.896585858242661127e+00,8.989677068670003449e-04
-1.488801462062125047e+00,1.689019506037663966e-03
-1.834728167730578896e+00,5.647042018192828007e-03
-1.755203260926468278e+00,2.919657985447268907e-03
-1.775182663227435453e+00,4.176014954467657282e-03
-1.958547582074708249e+00,2.012232755409004530e-03
-1.561950346674021439e+00,2.254080673387203956e-04
-1.700995025122248538e+00,1.945489096859483007e-03
-1.951798713247635320e+00,2.724450561573532256e-03
-1.806516704950554164e+00,2.692255284565490264e-03
-1.735075649091280425e+00,3.589069979588183426e-03
-1.918394039021081854e+00,2.889271551320911346e-03
-1.544834256723143451e+00,1.813141151564153647e-02
-1.713406782325995303e+00,3.927003121811566827e-02
-1.589499553114865016e+00,-8.805040889712323002e-03
-1.497643020551956194e+00,5.432292065167293460e-03
-1.561806968785181882e+00,1.504848070856394382e-01
-1.603389488962213560e+00,5.254117960258383215e-03
-1.590642473260119427e+00,-2.805951610206489609e-03
-1.134500459218848567e+00,-7.070520897185382687e-03
-1.189207945587061888e+00,4.534044587051911518e-03
-1.294208382763784027e+00,8.961429304648466099e-04
-1.136202623589530614e+00,1.056853336483790443e-03
-1.528171555782358970e+00,1.206996878406699225e-02
-1.442997308340435270e+00,9.305649907823902028e-04
-8.198786394311737835e-01,-8.388896855593722113e-02
-1.287589947870421359e+00,1.125406741618219762e-03
-1.546507847892816034e+00,-4.817506912490431351e-03
-1.021009093076868712e+00,-2.186991345650734359e-02
-1.530980933628816487e+00,2.044112042421047416e-03
-1.413538239212624337e+00,7.080710460315980254e-04
-1.146256638357818991e+00,2.187327258318119694e-02
-1.357327624269347499e+00,1.181469528277257104e-03
-1.493453032157390448e+00,2.993720139037919260e-03
-1.395384851719897235e+00,1.582071630901866338e-03
-8.244048172482941750e-01,-1.155061202543181814e-01
-1.152554857216226747e+00,-1.097939499504237137e-02
-1.516429043689117018e+00,-1.370409278896498120e-02
-1.702914577243317185e+00,2.275522156177144442e-04
-1.506780816106237042e+00,3.550123714700077412e-03
-1.201900924020506967e+00,-1.871534687795506358e-02
-1.491621685767359429e+00,3.707824860205819958e-03
-1.481364384529088918e+00,2.016724398205821736e-03
-1.267031183296254859e+00,6.202471954499310519e-03
-9.268222243097006263e-01,-1.463293776756682298e-02
-1.230034154971631821e+00,-2.352771843015047035e-02
-1.541373370879896898e+00,1.539908402523275550e-03
-1.332692972811048593e+00,-3.296789356179764992e-03
-1.576168099465927952e+00,9.477902009892309049e-04
-1.101782967360360299e+00,9.232226538293422484e-04
-1.418153962833941240e+00,2.766228472821802460e-03
-1.181575591646705670e+00,6.577830373848279379e-03
-1.214679501130655481e+00,9.323748269987035958e-04
-1.385430702874238529e+00,7.149767287958214146e-05
-1.002575299347185700e+00,-2.955305737870490140e-02
-1.135977709129695423e+00,-1.199455520555516540e-03
-1.446023200672343911e+00,-3.689393636614616070e-04
-9.145261971513263255e-01,3.230253278550035672e-03
-1.555537561795045987e+00,2.185966378625078463e-03
-1.254859236841162851e+00,4.647462604626484417e-02
-1.519848168635855146e+00,2.040155113063190501e-02
-1.514856969360055317e+00,2.431055510071848148e-03
-1.759129332013636082e+00,3.265181797702842829e-03
-1.370469060577088394e+00,1.381225865340269740e-03
-1.415368539509530343e+00,2.024852680640607840e-03
-1.254633509441528849e+00,1.647562681731610384e-05
-1.295834829325162918e+00,3.442977895744304094e-03
-1.541450297666461910e+00,7.022097434292381979e-02
-1.866457191695658491e+00,1.123339200103047088e-03
-1.820295187742331233e+00,1.033845720341906166e-04
-9.786787548507382972e-01,7.203342919115828967e-04
-1.619184175685830063e+00,2.306213588456059588e-03
-1.545696927509473850e+00,-1.194044525287344810e-01
-1.518439422078515122e+00,-5.271553459841606809e-02
-1.103953412882200835e+00,6.157906047026189683e-02
-1.398386054351544949e+00,1.503732357903138361e-03
-1.722933608202871891e+00,1.145625118681717174e-03
-1.402071769223798503e+00,1.096460186867250462e-03
-7.046744826987395571e-01,1.569119481279812600e-01
-1.128842042382584426e-01,-1.668349478177187928e-01
-8.530888550599772246e-01,-8.992280067426165757e-02
-1.749752104069200342e+00,4.837244669346089931e-02
-1.685779968409846230e+00,2.917100198499147402e-03
-1.977584315733247333e+00,1.964065428737548150e-03
-1.750346275924537620e+00,3.656370679813190916e-03
-1.472474156217324026e+00,-7.292132945211353412e-03
-1.808066216563244843e+00,3.472473074186610206e-03
-1.619146413716789024e+00,2.978900136056751406e-03
-1.735723926004186124e+00,6.189073983041155219e-04
-1.641754845901715054e+00,1.392735142416794483e-03
-1.751041083932727283e+00,6.730972482721139100e-04
-1.662758166031907736e+00,5.591441498081339140e-05
-1.786483185431213538e+00,1.007633122988834361e-03
-1.715586965860201873e+00,2.018038548489574716e-02
-1.828765414665241007e+00,1.443748239310760351e-03
-1.737902107394311058e+00,4.067303922784016278e-03
-1.661471786985034838e+00,1.976408089150894810e-03
-1.668915276754618926e+00,1.802866894118113766e-02
-1.616872397026230201e+00,-2.777934886939287772e-04
-1.588083818529747449e+00,4.622822778907118013e-05
-1.478292126302964027e+00,1.480247533041159462e-03
-1.486549746175324982e+00,2.133974540219626265e-03
-1.500696902817203471e+00,7.199671351300722388e-04
-1.392650213765244560e+00,6.018802261810696566e-03
-1.475444792669136307e+00,1.252713345511980922e-02
-1.511744243626213624e+00,1.727053740260965468e-03
-1.275063414988110599e+00,-7.169603806056497330e-02
-1.551981727914001796e+00,1.565120043041903948e-03
-1.605444670348155300e+00,6.692759800753025901e-04
-1.585738677503725658e+00,4.211887672243520495e-04
-1.505458767484385563e+00,1.004230748491232242e-02
-1.619144047928914087e+00,3.618804768658712839e-03
-1.726953085547445532e+00,4.614190689564698529e-03
-1.781269875219326781e+00,1.928101538512722035e-03
-1.595007554981656916e+00,-6.494419769218199093e-03
-1.287530835817918273e+00,2.473530113605968209e-03
-1.602787216287088867e+00,2.564237208264043624e-03
-1.300853075902519640e+00,1.860486529325775656e-03
-1.678799357840648598e+00,4.577977601782245130e-03
-1.724016052038343849e+00,7.748462509984724821e-03
-1.509373182072649033e+00,2.490935868094514352e-03
-1.865420149625477420e+00,-2.788398495233348345e-05
-1.507786322579267813e+00,1.972634646855377441e-03
-1.142399413123932561e+00,-3.443277017241425098e-03
-1.705434650017409348e+00,1.806345012692129465e-02
-1.678391094040469822e+00,5.931641871937998883e-03
-1.796269286034185342e+00,2.089274988345320855e-04
-1.751468820833959272e+00,2.274193769142189049e-03
-1.819293240501524522e+00,1.685308402055948375e-03
-1.520721352421049888e+00,1.684474548670306278e-03
-1.787270058808559270e+00,6.360846521528267482e-03
-1.778422935672862470e+00,1.635574357269888035e-03
-1.703555335375264601e+00,3.485660114197292048e-03
-1.814300437892129469e+00,-3.717318062840794038e-03
-1.849747749316052348e+00,2.756713321853166559e-03
-1.745464606987503497e+00,8.658327483058465140e-04
-1.667526119670814655e+00,1.401584055105998747e-03
-2.004089179346428828e+00,8.336483298895299571e-04
-1.547499086500964349e+00,2.116121440021150046e-03
-1.945567837221243490e+00,1.972174050976984935e-03
-1.695011912604057924e+00,2.885002655970380671e-03
-1.804590425298258083e+00,9.787405264932149893e-04
-1.619849180617080719e+00,1.770961080463460263e-03
-1.871879993937718867e+00,2.411835749416071061e-03
-1.541526811146903153e+00,2.310565611462887803e-03
-1.338809248391102935e+00,6.272033557219612240e-04
-1.072574829782111605e+00,6.147465009540449554e-04
-1.118076152335640838e+00,-1.703567743154154809e-02
-8.966919060240264860e-01,-5.051903651649324034e-02
-8.892778379499298724e-01,-8.697930801260579659e-02
-1.293254509813606346e+00,1.497905855177600505e-03
-1.546517555301378577e+00,-6.495712090920299775e-04
-1.121295396786133880e+00,-8.058290246357969686e-04
-1.775277793303520868e+00,2.574332701383456878e-03
-1.341729973791288222e+00,1.577962515073108758e-03
-1.665778789616383815e+00,-6.228013341453564333e-04
-1.387818480642758923e+00,7.131240848575731012e-04
-3.878119003433383449e-01,2.916357800525696264e-01
-1.242494373405259367e+00,2.015068859078029701e-03
-1.354241490335639675e+00,3.290932354549549327e-04
-1.415575352701670564e+00,-1.910385758558509964e-02
-1.060431761283807006e+00,1.042786405690562714e-03
-1.551640903609966093e+00,-5.188046816495647980e-04
-1.231839540791523024e+00,-7.009353522182555293e-03
-1.845810316107025395e+00,1.795987520462755983e-03
-1.608286958813309075e+00,1.696635946246653238e-03
-1.725222681101758138e+00,2.614674032109509487e-03
-7.975420288338390673e-01,-6.618118909815732392e-04
-8.911061062454056492e-01,-2.546907525687431249e-03
-1.551653129110337259e+00,-6.397237050317305940e-03
-1.672605599244316510e+00,1.133447803015397333e-03
-1.680911246020516669e+00,-6.192792705933266445e-02
-1.709993291245933467e+00,2.793705547923892515e-03
-1.834646182262442471e+00,1.738360374884451165e-03
-1.887053012275200503e+00,4.088299729592670233e-03
-1.298751416947399928e+00,4.058004955422292101e-03
-1.391109613785115773e+00,2.992131555080001365e-04
-1.519191874009289123e+00,4.364673053130442223e-03
-1.374743813443293661e+00,4.106203252256306231e-03
-1.624831234761451970e+00,3.550170867299458008e-03
-1.125657100169501934e+00,1.001837408218363423e-01
-1.700852357852586039e+00,5.899019762449054377e-02
-1.550544918210604806e+00,2.168262741534971241e-03
-1.627716792951361402e+00,8.739509519587457601e-03
-1.445897459765307591e+00,2.879744621457252726e-02
-1.717419421786938738e+00,1.750097840790636704e-03
-1.039044630504935451e+00,-1.438295171276295081e-01
-1.839777003955445300e+00,5.628814656045385764e-03
-1.685342251464966967e+00,2.032935298591195643e-03
-1.819275718496816685e+00,3.398009001457654756e-03
-1.646271651571560080e+00,1.490509081557871672e-03
-6.562176438989135718e-01,-2.267276136383759300e-01
-1.493494981603904925e+00,-8.370552074137959514e-05
-1.708587538956323870e+00,2.341636608534404529e-03
-1.454149360355151854e+00,-1.048823062353046315e-01
-1.601695268263017224e+00,2.954733502707621376e-03
-1.556482555007559165e+00,3.285176293948545087e-03
-1.370890517356476268e+00,9.944627532858163130e-04
-1.665072059755619005e+00,1.899926413220445406e-02
-1.124333400059271071e+00,8.419913929934358041e-04
-1.356367745806862812e+00,-1.927501406495329452e-03
-1.503109031493826020e+00,7.433823060231641716e-04
-1.424872572974368534e+00,2.081542738172097694e-03
-1.588266763588526809e+00,5.467144393334818012e-03
-1.657009194192663459e+00,3.658912699157463970e-03
-1.331457050115994356e+00,-3.394849374763977967e-02
-1.147239783864873575e+00,2.193937314194503371e-02
-1.559000977314351832e+00,4.212312028565684714e-03
-1.297526395507736741e+00,-9.209208541846244933e-04
-1.582159305360687052e+00,1.519427890699696568e-03
-1.567007510789614200e+00,6.386906174109571732e-03
-1.541466309266671830e+00,7.293602750335139231e-03
-1.530855603402507814e+00,2.214532188725642711e-03
-1.480887170133045050e+00,3.916578131303644073e-02
-1.163013940132148871e+00,-8.647772416676864637e-03
-1.773574472910925959e+00,2.535800057496861819e-03
-1.807871133723645052e+00,2.828275984265564771e-03
-1.310630346647554179e+00,2.212101645410801364e-03
-1.280085128610389589e+00,1.520414108150397806e-03
-1.392743927109657553e+00,3.966922174025028225e-04
-1.513307371798646050e+00,5.159381039112570164e-03
-1.523697038062484799e+00,1.036122435743845084e-03
-1.759667342118742761e+00,-1.000226325465498195e-04
-9.004240924233793963e-01,6.493677489377211280e-03
-1.698993704836914143e+00,2.328813549401770495e-03
-1.793345602493538582e+00,1.542973734490724752e-02
-1.723433794710731437e+00,2.333857682085226787e-03
-1.461312646031537543e+00,1.430776570657043244e-03
-1.577851882165941744e+00,2.326330162668267462e-03
-1.469664787496824498e+00,4.787805728725320550e-03
-1.679876187994963743e+00,3.547255590945217266e-04
-1.604975493341659121e+00,1.838233566637341963e-03
-1.292972134239097182e+00,-7.026080056015173922e-03
-1.756762518969976261e+00,3.189692479000425657e-02
-1.386287998606995808e+00,-5.087974291762813878e-03
-1.358409269254936769e+00,4.640603131559738886e-04
-1.236051420185453997e+00,1.343073022231426085e-03
-1.110835724939320812e+00,-9.342620654475346231e-02
-7.091108927298443998e-01,4.816827949216950788e-04
-1.033950349732946750e+00,-1.690763086534449733e-02
-1.274214128116768485e+00,1.108972079108729719e-03
-1.311558123281368449e+00,-1.555891450671787433e-03
-1.551182518384435216e+00,2.434775432335426273e-03
-1.395478925937077230e+00,-4.672176734733454739e-05
-1.367174938247745164e+00,-4.425080857311777631e-03
-1.248048042726250584e+00,3.830757996828486681e-03
-1.436910523026063036e+00,3.872119943951526227e-02
-1.121314615073088383e+00,8.258913493983395526e-02
-1.421319979028698999e+00,3.328665707990237366e-04
-1.388931016064467894e+00,-1.991547445952010324e-03
-1.576801110185764188e+00,4.600288154797717299e-04
-1.132719182235536026e+00,2.571067881502759472e-05
-1.431018722670643006e+00,4.337436106498566112e-03
-1.395355548457882788e+00,1.166646760947684380e-02
-1.503932133126890447e+00,-5.681919920876549179e-03
-1.342322211778448349e+00,1.063406718824812247e-02
-1.468559206019852015e+00,9.201259426165088462e-02
-4.242987612615675141e-01,-1.596750833741425180e-01
-1.607961565429464779e+00,4.580062008334860775e-03
-1.158402491544809898e+00,-3.530862653951872751e-03
-1.275057865841039417e+00,2.570312030197649013e-03
-1.644204193379811274e+00,4.018059695989168248e-03
-1.244363786954970852e+00,-2.562379610512362932e-04
-1.221388946012700094e+00,2.944279416299026668e-03
6.813087488891714227e-02,-3.579923189465127331e-01
-1.502976000351145425e+00,-3.353519982430501652e-03
-1.182976754691573484e+00,4.927651423030136868e-03
-1.482749074122812871e+00,3.162658523019375167e-02
-5.670662179696523975e-01,1.471855174274176448e-01
-1.748555849163687892e+00,1.283133314743187779e-03
-1.302857932053861578e+00,1.202899243564572486e-03
-1.125068551135513628e+00,-4.431739238251397595e-02
-1.551925634582091762e+00,2.827388609247303772e-03
-1.679350743898872844e+00,-1.044431860484577174e-01
-1.549563861081917571e+00,2.618808774817809118e-03
-1.065458573748021998e+00,4.812722182687799444e-02
-1.505885726841789563e+00,-3.606762173989999827e-03
-1.422719866298207458e+00,-8.639305674622253794e-04
-9.990553775148008908e-01,6.473798303137949864e-03
-1.215011120450645077e+00,-5.216337276532625328e-02
-1.427006561244948735e+00,8.835510050946881674e-03
-1.219677567368607773e+00,1.772031804772753079e-03
-1.321765148295131809e+00,2.671347981359186753e-03
-1.185915254462640567e+00,-7.037487269489443864e-02
-1.398080839493070604e+00,2.785687591850241618e-01
-1.707925890915928946e+00,3.824271387061936069e-03
-1.645491833139084648e+00,2.339521139045850143e-03
-1.362346398894417332e+00,6.833646494319722819e-03
-1.311420119397898931e+00,-2.953403896803558776e-03
-1.238872824464960498e+00,1.498741944225824747e-03
-1.307060185619643988e+00,-9.177399589033324867e-04
-1.802553325433319698e+00,-1.390170587169629185e-02
-1.486855977644335525e+00,1.027315218692738813e-01
-1.806431625524671070e+00,3.999443531138452759e-03
-6.178331260725428153e-01,-3.512650766313434314e-01
-1.267226270308020819e+00,2.064455737627026062e-03
-9.809801851798185535e-01,-1.374724826709206385e-02
-3.396128104841938944e-01,-3.730557259010983673e-01
-1.345275275884524113e+00,1.374687310493064550e-02
-1.283922893557925216e+00,9.835102688123740361e-03
-1.280054827308165111e+00,-3.870002289958806088e-04
-1.451284842096882688e+00,1.671824581346157898e-02
-1.231000076659078735e+00,-6.928126062010848962e-02
-1.348014517940877566e+00,-7.334299289013497883e-04
-1.305995242768805076e+00,-1.259210261364133651e-03
-1.352841904391116623e+00,2.032821038435846280e-03
-1.202606318653726802e+00,-4.144145555613270790e-04
-1.265689147084286370e+00,-5.292840157434756249e-04
-1.247614267688088141e+00,3.267269983823017920e-02
-1.282625958811157485e+00,5.198465194741887750e-03
-6.809241041346283940e-02,4.258418919778022005e-01
-1.120171373983752439e+00,3.247373100238710140e-04
-1.202479688347093845e+00,4.756584976760411948e-02
-1.486118800433745779e+00,9.341116475109011164e-03
-1.068742192676870983e+00,3.787533353693498580e-03
-1.809214974985596136e+00,1.268967768218358903e-02
-1.656572834496859992e+00,1.933864448856562057e-02
-1.755019790757097908e+00,-7.731195399716983205e-03
-1.106013296069503049e+00,4.471295336828343681e-01
-1.049323314068627111e+00,2.927391057810245223e-01
-1.336242120604855366e+00,4.402970370320687284e-03
-1.298390371146226574e+00,5.291169882580201711e-04
-1.413311745396930830e+00,1.246433114945764802e-02
-1.258654040541320240e+00,-4.112441059886829536e-03
-1.542717490143658887e+00,2.757739302749448278e-03
-1.519220207016880098e+00,4.392509601366309351e-03
-1.279221250499632756e+00,5.453601572110362318e-03
-1.821842471607766800e+00,1.414894580488919827e-03
-1.607607225712818666e+00,-3.504966340257058277e-02
-1.191919337105962429e+00,2.589845411810742098e-04
-1.590842821693371434e+00,1.561347771727733535e-01
-1.536804830547581657e+00,-2.102165169226680175e-01
-6.116579382007864690e-02,1.558824464223928508e-01
-1.870864841644187315e+00,4.998389667637088626e-03
-1.651207909800190388e+00,5.275469887174011330e-02
-1.810608682336010800e+00,3.789766159940850462e-03
-1.739419641030632846e+00,2.835717695088042431e-03
-3.105451216279125348e-01,3.293393348354313743e-01
-4.319886634472567266e-01,-1.263998629126540652e-01
-1.302170733999261643e+00,6.696120787479757641e-02
-9.829944126915657332e-01,-5.337983174279627846e-02
-7.898108557228387117e-01,-3.451386206466146578e-01
-9.135287594121859200e-01,-5.067311635142405374e-02
-1.718068284140565671e+00,1.017727789868546132e-02
-1.410549976438527420e+00,-1.819441423878416508e-03
-1.584844284635285927e+00,1.661499497409730033e-03
-1.348601422949060158e+00,-8.931171262134898758e-05
-1.718908409147588134e+00,-4.298794741342285702e-02
-1.539689431962374844e+00,-1.602457798892166774e-01
-1.377866154929522358e+00,2.445071644922854059e-02
-1.251165183601652409e+00,9.061524049149391469e-02
-1.118336183353437541e+00,-4.132211922296649860e-04
-1.497643166468900278e+00,-3.138593963717454215e-03
-1.306189031805112810e+00,-3.378862713715280724e-03
-1.524259603911978900e+00,-4.027597012953160194e-06
-1.205055125619408418e+00,-2.461368087884470771e-03
-1.286522939951990629e+00,-3.208289189940119641e-03
-1.228603689031287027e+00,-5.458116014703073664e-04
-1.201334799925255936e+00,-7.235324224098814601e-03
-1.585105959895833694e+00,-1.672742363782457782e-03
-1.319958418151633284e+00,-5.560365347911711865e-04
-1.414336550039228646e+00,-2.805061806707039029e-03
-1.624182320804573143e+00,-8.975954645214443903e-03
-1.533473240519933833e+00,-2.115658374780336748e-02
-1.416016331586364752e+00,-3.381385538964724047e-01
-1.055281545220392747e+00,-6.018532921176421996e-02
-1.412200021452992393e+00,-8.976429612921539222e-03
-1.766807540656744280e+00,-2.468267654077264256e-03
-1.700554151319866980e+00,-3.925560360200316262e-02
-1.569706902117148584e+00,1.576324257681836760e-01
-9.403105416208745737e-01,-5.515045308926522921e-03
-1.103865103767162514e+00,-1.480350916808609030e-01
-1.235266252616547655e+00,3.621441923087138828e-03
-1.080637371738164321e+00,1.250173847177221860e-02
-8.490412649060778971e-01,-5.209151140494184401e-03
-1.517717421735409244e+00,2.150911794726759370e-03
-1.832161626414289923e+00,4.703801096572729490e-03
-3.501864061229933434e-01,-4.496973008847338638e-01
-1.537468937449645301e+00,5.498105804216554121e-03
-1.418999439200312462e+00,-8.493418517744802387e-02
-1.752270403835460177e+00,4.313517614044163825e-03
-9.833148896234255032e-01,1.715262779610976507e-02
-1.829369431916442412e+00,-1.451969646444181174e-02
-1.437628604068577509e+00,3.309948621074234459e-02
-1.446327375574978813e+00,-6.805841059737437193e-02
-1.480704852807375627e+00,-4.587892373576620691e-03
-1.460198899360806601e+00,-1.587057749096451240e-02
-4.453433170410825981e-01,-2.888912448275754441e-01
-1.276197905691406564e+00,-4.732255437454209457e-03
-1.646707851585532234e+00,5.080122581062826437e-02
-7.483671794122771503e-01,1.554079539518980480e-01
-1.045140847276963658e+00,-4.892356180717860048e-01
-1.331546962704518888e+00,8.942345528278933253e-02
-6.188518952257409111e-01,1.585319296156122437e-01
-1.227995579776327340e+00,-2.745624115016535860e-02
-1.713397275029662881e+00,-1.461017530829736288e-05
-1.376944762306149705e+00,2.426362147855576010e-02
-1.483357335230977014e+00,3.456400997399159541e-02
-1.391151565921188826e+00,-3.160244958550427474e-02
-1.756456881213861676e+00,3.607841548377034406e-03
-8.738432206617984255e-01,-8.465546972127788172e-02
-1.826594949407128299e+00,6.941812262344949913e-03
-1.773894583962753346e+00,7.368033178608194601e-03
-1.704991401754234026e+00,3.392514151617932738e-03
-1.485475280661353370e+00,6.163805042445754875e-04
-1.517836193067319872e+00,-7.021785669502111742e-03
-1.284536691993456659e+00,1.434956416499534766e-03
-1.430438117854778701e+00,5.615156709232656251e-02
-1.537932314848988291e+00,7.359946566071985316e-04
-1.003132621508853184e+00,6.588205958191666392e-04
-1.364604796397079767e+00,-2.065978575899194217e-04
-1.055280451232072370e+00,-4.613121680421316054e-04
-1.327009270515551176e+00,-5.525265913515521599e-04
-1.108852457303540096e+00,2.627816594457262761e-02
-1.347276447707278946e+00,-2.747175117607428274e-03
-1.445024200309111162e+00,-6.847082535023421568e-02
-1.836867175786665030e+00,3.926820742495458483e-03
-1.594650594565461210e+00,-4.590812681300853945e-03
-1.390176053296669156e+00,1.630903011272875208e-02
-1.626064001315088881e+00,2.481479657971407370e-03
-1.090638082079603333e+00,1.287351979193819725e-03
-1.367738740799219421e+00,3.178333220099555968e-03
-1.592834231763266661e+00,3.085609704340108381e-03
-1.596109811090707264e+00,-1.742750273514081551e-03
-1.325606875375458849e+00,1.188096684998762170e-04
-1.744900122288339794e+00,2.576884038709966428e-03
-1.556195459960548977e+00,2.161370513171888795e-03
-1.505877059678197849e+00,5.890043126309768388e-04
-1.166467582473919906e+00,-2.612513903045039255e-03
-1.464939838450538101e+00,2.289959721226531887e-03
-1.318361568838727349e+00,4.388774403177479917e-03
-1.337420575642105591e+00,2.859413494598637973e-03
-1.444893898884512140e+00,3.710371773646048768e-03
-1.476269062918621255e+00,2.626056381895599395e-02
-1.639993042946164437e+00,2.728065124548826811e-02
-1.559135948628493695e+00,1.380700033925066211e-03
-1.647919195025076222e+00,1.672836644256873138e-03
2.352905320664610556e-01,4.842757998535673347e-01
-1.751721957412112118e+00,2.733783377523753277e-02
-1.637403958575193386e+00,1.400608194254555385e-03
-1.692155332263000522e+00,1.742888674157936670e-03
-1.692594064340819715e+00,6.235843005742132926e-03
-1.396022983730413669e+00,2.326711609966144317e-02
-1.918099880896668274e+00,-1.246657600561954307e-04
-1.504328489101488975e+00,-2.007103949852775682e-01
-1.676106492963914008e+00,2.529279830309449570e-02
-1.848716394456702883e+00,3.465101794229669824e-03
-1.408442167356707353e+00,1.717025740636795444e-02
-1.609880530714831837e+00,3.427964428513312345e-02
-1.752468575240283544e+00,1.782408842894388917e-03
-1.495714031125562116e+00,-7.011020749164219995e-03
-1.665368067446471700e+00,4.418561183305936071e-04
-1.485925086882601498e+00,4.026229273976920237e-03
-1.332693731840400631e+00,5.024168371372719211e-01
-1.387832393112800489e+00,-4.369130927153891571e-03
-1.486818594849742547e+00,1.836403094417146317e-03
-8.494332346253754551e-01,2.636368169723198387e-02
-1.229177830754044631e+00,-2.365259088869679609e-03
-1.271312802046765222e+00,3.502969793978153584e-02
-1.459655233773553107e+00,7.008282656896427237e-05
-1.552381940516551984e+00,-1.509852689185184338e-02
-7.161083811910357033e-01,-1.951588606648158725e-02
-1.204563878022360646e+00,2.721041972151062166e-02
-1.125394573165368062e+00,-1.413385395444902853e-02
-1.136561828102449656e+00,8.197770647613088213e-03
-1.306514293330584442e+00,4.650171208379075966e-03
-1.202188651605650582e+00,-2.015444917505409064e-02
-8.957796753725475458e-01,-2.232720520277823584e-01
-9.480806752267674220e-01,3.402564468874534100e-04
-1.320683833242168870e+00,-5.668543212710959803e-03
-1.519937836806096731e+00,1.441193960581782160e-02
-1.074851794980758557e+00,3.394907721381417234e-03
-1.063565335862403760e+00,-6.052998169837967013e-02
-1.722888341816848801e+00,-1.219144291920783683e-03
-1.040796680718281353e+00,-2.543299095710449195e-02
-1.423112189516983372e+00,-1.040492174466580572e-02
-1.243214700522517591e+00,-1.436721329573463490e-02
-1.090190933940744067e+00,-1.725706387232740779e-02
-1.209704366580168555e+00,-1.108367297911140997e-01
-1.368128485583208098e+00,-4.339646766930407851e-02
-1.347907105057140065e+00,-5.702034574580794324e-02
-9.063426419569107217e-01,2.333840625032579386e-02
-9.232753880454561690e-01,-6.943847045358877978e-02
-1.103382100447400260e+00,-9.707777801234271364e-02
-1.441555308842319194e+00,9.152820304030727383e-02
-1.598015387135296894e+00,-1.109238523065815378e-02
-1.332397523544580631e+00,2.460143275220497486e-02
-1.813817461637982742e+00,3.719593699152192075e-03
-1.455532895347864342e+00,-5.364546982324770556e-04
-1.282156385235419416e+00,3.560300392951687432e-03
-1.488873674413754289e+00,4.296154114642400552e-03
-1.480410486595979069e+00,1.065515620339012315e-03
-1.606100852993109784e+00,2.011392747092524864e-03
-1.066833358603724191e+00,2.136920645770200820e-04
-1.481314050063549992e+00,1.094658565614508444e-03
-1.167590179427755448e+00,-8.209441088582170032e-02
-1.589371589462577061e+00,-4.637370441472167884e-04
-1.554190897076022759e+00,1.303277900686385972e-03
-1.463948238400670343e+00,-2.158741293470745580e-03
-1.883135065029792887e+00,3.064705358690419414e-03
-1.699459213566084870e+00,8.079016059279485462e-03
-1.699476041068110233e+00,-2.375385611599657026e-03
-1.487830786681691997e+00,1.583029632694164454e-02
-1.297031447334497045e+00,3.258453668081117034e-03
-1.662040873421842813e+00,-1.867037844507164063e-02
-1.385906826498739086e+00,-1.559544173445225057e-02
-9.927939438639766800e-01,-6.164053588459275645e-02
-8.519826309097334738e-01,-3.056592598664488736e-01
-1.355013167143271025e+00,6.053203132955964003e-04
-8.853503756634498734e-01,7.774905831176451287e-02
-8.953247330815251592e-01,-1.074221311766904510e-02
-1.020087115494844321e+00,-1.699318194611036947e-01
-1.349829733032586132e+00,1.166595644807575348e-02
-1.267163644504834652e+00,-7.153241351913336432e-03
-1.220085023151026071e+00,1.707434804575001450e-02
-1.545633508262573619e+00,9.016800083348928616e-04
-1.384887644882806468e+00,6.592798425689772035e-03
-9.336422813351510364e-01,5.018024048374853871e-03
-1.534719961314118253e+00,-3.053863275376096295e-02
-1.785891794301022850e+00,2.460321286788355773e-03
-1.297790055054366176e+00,1.261991100764649036e-02
-1.513315952550478238e+00,4.564942230670080044e-03
-1.529753669048524500e+00,8.816785138480130735e-03
-1.386658889590592691e+00,-2.381714771015103205e-01
-1.450641098819435815e+00,1.642771945444578864e-03
-1.483892563300006184e+00,-6.890181421664681900e-03
-1.287122092521405525e+00,1.941676181506782513e-03
-1.326505282206907443e+00,1.335035715524270084e-03
-1.464830814325909891e+00,4.079493405270713698e-03
-1.091163875827518837e+00,-5.263703963091558545e-03
-1.686624962738456635e+00,5.228604182761519871e-03
-1.477863179428355433e+00,1.284290992387062715e-03
-9.822028719106309369e-01,-5.664721717257398606e-03
-1.567773996556530269e+00,2.933445577312177900e-03
-9.846106433785842826e-01,-2.089736747956875973e-02
-1.386114805171659636e+00,-1.598582964959666119e-02
-1.433843114785196882e+00,-1.264429842912694335e-01
-1.141928153772925558e+00,1.065566035067985057e-02
-1.518958036917497978e+00,-3.984186428299266169e-02
-1.269427393368000478e+00,8.660560813616248466e-03
-1.408684099833091397e+00,-8.139291138782164467e-04
-1.460648728063205004e+00,7.003084434645291678e-04
-1.905787849737747175e+00,2.969295470246757426e-02
-1.798080849638071133e+00,3.573405107380218416e-03
-1.580740519813241818e+00,-2.805353764759034307e-01
-1.631711386242470363e+00,8.574115109886001548e-04
-1.424762978070341912e+00,3.770937717141070733e-02
-1.406079087767280189e+00,3.013149716736527456e-03
-1.485993672924018849e+00,9.736706936730775419e-02
-1.485044396929354749e+00,-2.131028377453683675e-02
-1.759791568040187215e+00,-4.386850232509590872e-03
-1.406749302073064811e+00,-5.344468139097436482e-02
-1.126793141200987947e+00,-1.364601158488319976e-01
-1.789926871585279855e+00,1.386166452440946127e-03
-1.421362411895578326e+00,1.314651151107903114e-03
-1.532522266561024082e+00,6.097487866250680261e-02
-1.070175766103262482e+00,-4.937391032748261049e-02
-1.323382647729135497e+00,1.365935726195058042e-01
-1.312404077332562036e+00,-3.488327943963799582e-02
-1.107575966320744509e+00,-8.823514842811247191e-04
-6.398913518052977700e-01,-5.342775176937747394e-01
-1.270321277976951935e+00,7.394166267767866840e-02
-1.136110239710482084e+00,-4.651469472378522846e-02
-1.016373384039131800e+00,-2.438520370329228526e-01
-1.768641214524123262e+00,1.665540123732399402e-02
-1.328985371275663629e+00,-2.382585949326000707e-02
-1.563556855213731778e+00,2.842557251748074540e-02
-7.820463179098847695e-01,1.443129320703344931e-01
-1.007771731715837005e+00,-1.096788833837784582e-01
-1.216249512575451774e+00,-6.801138991104785890e-03
-1.077761234577710114e+00,-6.499019182743589335e-06
-1.220843443808731221e+00,2.390302512512789551e-03
-1.094593093890386726e+00,1.007686066075632186e-01
-1.482981490739161190e+00,1.373954431457276651e-02
-1.248328342850769435e+00,9.249607295600426049e-03
-1.296254207236018141e+00,8.453266717756872245e-03
-8.560973622127777682e-01,4.131375140267465329e-02
-1.757804559501346509e+00,3.751340785999959793e-02
-1.711392865786354855e+00,-1.537467213819540025e-03
-1.780448912500349090e+00,6.902193264833716979e-02
-1.161111224481737869e+00,-5.822824929785631876e-02
-1.682032255972514934e+00,4.166136933717937141e-03
-1.152281470098413418e+00,-2.387745148642702597e-01
-1.781985687945988772e+00,1.443078751470443753e-02
-1.174661803218979728e+00,-4.073189144629987823e-02
-1.320145797284355549e+00,-1.282787340231849975e-02
-1.247724482612725394e+00,-5.059001150720785628e-02
-1.433552742975549465e+00,1.313692425090426559e-02
-1.038892032296583112e+00,1.380097124104076312e-01
-1.598676359066921293e+00,7.363740151786940351e-03
-1.407294723402490400e+00,2.561918080874634948e-04
-1.547256399503981639e+00,1.577241596583645877e-01
-1.306245151767604140e+00,-3.619661218627972642e-03
-1.491193865827757925e+00,-4.761270573425901119e-03
-1.512694379553730650e+00,-1.952130064132226450e-02
-1.608841464317715353e+00,4.930575942647707696e-03
-1.601017598440333645e+00,-7.686727451210735584e-02
-1.325384314713470735e+00,1.860994488037842967e-02
-1.472113618611446739e+00,3.977333347888611578e-03
-1.563908463250334169e+00,-3.925851363554859128e-04
-1.421114434297270579e+00,1.069036269914796708e-02
-1.705034953988806556e+00,-5.046648888064423147e-03
-7.822619301513600298e-01,-2.462032103081032430e-01
-1.180015106678212522e+00,-1.846158667097951844e-01
-1.611604244657003360e+00,-1.572717021275627652e-02
-1.631882074672053262e+00,-4.949351326092679693e-02
-1.603022170422347292e+00,-1.078269297685327532e-03
-1.321493663990177980e+00,8.246394302529685971e-02
-1.233612471296412716e+00,-7.100386627603502698e-02
-1.783756776239193709e+00,-1.529781530042219340e-03
-4.403839421727416270e-01,-1.144292932266338797e-01
-1.847714124304242311e+00,-4.836810225270543606e-02
-1.286862152929379777e+00,2.039350157463558008e-02
-1.362190548146437807e+00,-2.129092150741275329e-03
-1.563864067928895762e+00,1.704404817234424739e-03
-1.362074772503254039e+00,4.585969879874537448e-03
-1.646129513397504462e+00,9.461221387787582121e-03
-1.871495929724694696e+00,8.609107456048190055e-03
-1.447187982526886740e+00,1.048310816464726875e-01
-1.297809920611874279e+00,-8.304347999410505859e-04
-1.048247833126778383e+00,-3.280946539417840813e-02
-1.509350171018005726e+00,5.751583571033578451e-02
-1.796071482540298581e+00,1.001626944576297640e-03
-1.880209317545866510e+00,-1.102362583960190753e-02
-1.340897193126215026e+00,-3.667343895402581655e-01
-1.224128519497801770e+00,-1.675039666638861169e-01
-5.677692404661804915e-01,1.714786460841971616e-01
-1.645396250668691662e+00,-2.659360444583220434e-02
-1.538704005877842063e+00,4.488546565867942983e-02
-1.747554645000634732e+00,-1.477041543338924318e-03
-1.502999792861425377e+00,-3.056782646004991416e-02
-9.689093914255639817e-01,9.286939703397620316e-02
-1.695505715485402076e+00,-1.610240397225576672e-02
-1.574773213430534557e+00,-7.035504104680995359e-03
-1.545289200016796372e+00,-1.112942157033512541e-01
-1.055132446979452077e+00,-3.128250807584694038e-02
-6.115061398882977173e-01,5.509243791569316817e-02
-1.299389095706398711e+00,-6.980102485499291125e-03
-1.346956966764722763e+00,9.993535719488549907e-02
-1.651646058640323655e+00,-6.846360072936538699e-02
-1.525873256584479920e+00,1.413898889836053344e-02
-1.294563644412433767e+00,9.727854617486687838e-03
-5.890702867575424717e-01,1.686522499135848230e-01
-1.241688849421438423e+00,1.114205454002173759e-02
-8.590515936216173154e-01,-2.789179073700346900e-01
-8.815425459348945614e-01,3.469206795781910185e-02
-1.581947955671007433e+00,4.954528720975050898e-02
-1.586508971743601393e+00,1.478888338405902059e-01
-1.545831151369855050e+00,1.877929111777862023e-02
-1.843584587763637428e+00,-4.599448240445556946e-02
-1.468650368566278397e+00,-8.825148572338870415e-03
-1.391476928890660325e+00,-2.231963786156289722e-02
-1.640544561221220832e+00,6.538873854033887267e-02
-1.259807321254099000e+00,-5.344524623359887816e-02
-1.558875183084903693e+00,-7.674633489946358633e-02
-1.541717281458657052e+00,-2.016197448902547207e-01
-1.560342980914643407e+00,-2.811267909735034112e-02
-7.790058802504177260e-01,-1.256257168134065384e-02
-1.179372729396866326e+00,-1.314560853394247143e-02
-1.002374750165050399e+00,-7.567512905223955366e-02
-1.164642841220425273e+00,1.230420025956558035e-02
-1.150620720602464786e+00,-2.202349159825794933e-02
-1.055362574247605378e+00,-4.007483533995534475e-02
-1.047870320370199781e+00,-5.466279338176609909e-02
-1.004119321287474387e+00,-1.252905242957503551e-01
-1.054099519272218455e+00,5.856633370907006475e-03
-1.156201426895478113e+00,-4.110443853213941595e-02
-1.488861569371082050e+00,6.183945032917217977e-02
-1.166595932535911428e+00,1.830300204427852233e-03
-1.748910114862461063e+00,-2.050147755294994267e-01
-1.540483113753516209e+00,1.022825481808779247e-01
-1.573627341721834716e+00,-1.362318513635682460e-01
-1.538016279080957505e+00,-6.650505025532865711e-02
-1.790042615120149394e+00,1.093967163996894254e-01
-1.838603169251968872e+00,1.321629949393410448e-02
-1.551036837800385149e+00,-1.445918823489943938e-01
-4.441780342652439928e-01,1.441197925454463236e-01
-1.624035655541142598e+00,-7.596229942317261896e-06
-1.449034304212462265e+00,3.074297531530788274e-02
-1.270927194116863612e+00,-1.877035900575114297e-02
-1.505049727401143622e+00,-3.303703052240728605e-02
-1.213955888838029740e+00,6.166786802180147103e-02
-1.475381096991537078e+00,1.469834660629182888e-01
-1.694707044229242454e+00,9.278388022922239020e-03
-1.627157003920190581e+00,-1.500428395768406420e-02
-1.254512205237839018e+00,4.805606664375196291e-02
-1.314997843165330194e+00,-1.957058554029691630e-02
-1.114588906979180782e+00,1.663072757380827313e-02
-1.323471786967479025e+00,-7.113915790550300738e-03
-1.256655035347696181e+00,6.128451185403621659e-02
-1.233140800475828636e+00,-2.497141724524011563e-04
-1.602311003421475588e+00,1.558910002392726313e-01
-1.305179232483781648e+00,1.979859245054606254e-01
-9.251611077089313406e-01,-9.486789926874131251e-02
-8.195616553421743999e-01,1.361531444824495007e-01
-9.456346897188309120e-01,1.596361761016461787e-04
-1.216700470007540780e+00,2.620438323624268429e-01
-1.239608183114055517e+00,3.764822388601669206e-03
-1.685723930134215287e+00,4.922835477272677340e-02
-1.409969729536724614e+00,-2.241697189041472887e-02
-1.655541376300279532e+00,2.358019618727145300e-03
-1.468728102346870790e+00,2.378463295968098051e-03
-1.281195182416243084e+00,-2.294520252128835064e-02
-1.364430795623604586e+00,-1.154034377298431141e-01
-1.287324203571667214e+00,-4.285401889715675233e-02
-1.188272051322430078e+00,2.145228974604661970e-02
-1.512411666880939531e+00,-5.339364959089468524e-03
-1.036742259485422979e+00,-1.296360333776967744e-01
-1.117347450244959406e+00,-8.910869203608987391e-04
-1.044848995545959891e+00,-1.103347465616997675e-01
-8.562346969232997873e-01,4.888149492257008039e-02
-1.255498287425140358e+00,-8.889209464387473267e-04
-1.291095163689357062e+00,2.394208485920944901e-02
-1.306775344320034948e+00,1.972658247576962107e-02
-1.170532286186547033e+00,-6.781294586390977652e-02
-4.062434525649411543e-01,-5.295382139137345678e-01
-5.478843798508119534e-01,-2.568230011011873315e-01
-1.474632407430924275e+00,-5.002926566076846410e-02
-1.419407200156080684e+00,-6.458048244134788340e-02
-1.144881363765397397e+00,-6.965475748208300490e-03
-1.537153974632098574e+00,-1.705888610727194707e-02
-1.323405319771829403e+00,1.752836779554492186e-01
-1.140621854249403766e+00,-1.177511257119253085e-01
-1.468420040047277553e+00,9.534328021293595043e-04
-1.358090426864537736e+00,-2.429977172863347600e-03
-1.525425904708203939e+00,-4.253603235208026218e-02
-7.232296347264302039e-01,-1.180848187479444922e-01
-8.274728708364373908e-01,-4.937963098198676348e-02
-1.418075896369265898e+00,-1.312393046080697658e-02
-1.246859452169965632e+00,3.416954755060842841e-02
-6.169015995150617382e-01,-2.108144226653670475e-02
-1.825015818299963399e+00,-4.538445474485347519e-02
-1.527530721828573412e+00,-1.211438866519646274e-01
-1.084892647523045817e+00,1.305752639908864254e-01
-7.484771500808384825e-01,-8.427475222644609243e-02
-9.301706877009560115e-01,-6.325647010139295867e-02
-6.019910497046248032e-01,1.024153776447834230e-01
-6.367561392166483092e-01,-7.494148217514899624e-02
-1.163511654191280220e+00,1.549333639992049247e-02
-5.891230660322117618e-01,2.032653443633633816e-01
-1.105321777294203445e+00,-5.596099633712795646e-02
-1.217118770228308611e+00,-1.882746032804734904e-01
-1.618504332816825153e+00,2.112456358309682813e-01
-1.287261272440789472e+00,1.094496605372823617e-01
-1.406526069820773106e+00,3.026285343872218980e-02
-1.476685966786595028e+00,-4.413652400039780321e-02
-1.439646146988056152e+00,5.590043809385474016e-02
-1.475608860275253953e+00,-2.708706029347067272e-03
-1.520040776749046696e+00,1.056824127464210950e-01
-1.593369690558202878e+00,3.077725630073000623e-04
-9.504288834932123065e-01,2.450028058551340093e-02
-1.200847621621905281e+00,1.691426160015078728e-01
-7.924279213078015971e-01,-6.341996570856194004e-02
-1.226370900902571837e+00,-5.591059196192003228e-02
-7.652041629362673625e-01,-1.344668654752853576e-01
-9.375850120112033670e-01,7.830201553427175443e-02
-1.270152616404716994e+00,5.339778196244451824e-02
-1.616238077868620726e+00,2.172061787012880690e-02
-1.597757964506761885e+00,3.396280840617511843e-02
-1.299151043355172952e+00,9.176210813368435026e-02
-1.156814484488738914e+00,-6.797953846897430985e-02
-1.403219798500568549e+00,1.701079231172837047e-01
-1.549275742518141818e+00,3.178280000689467227e-02
-1.242526330372467624e+00,-2.659986064980592382e-02
-1.211157697827079494e+00,4.605252025340796085e-03
-1.423308957254113993e+00,-5.615332084938217533e-02
-1.643289822043300097e+00,-1.280030111540461819e-02
-6.469690171386880406e-01,8.315090120454012024e-02
-1.380964829370309399e+00,2.211130828964639680e-02
-9.135700775230950477e-01,-3.280727272712859882e-02
-3.858667011680221859e-01,-2.228184206633762043e-01
-9.417345624119063396e-01,4.564292751565858508e-02
-5.357315199316813326e-01,4.400835748918539153e-02
-1.681672811984141980e+00,-3.169982493560799530e-01
-1.306578627371924650e+00,-3.386829055741116257e-01
-1.215031067178288460e+00,7.964234237929521121e-02
-1.441493980125940544e+00,1.152305398274244309e-02
-1.272163642476078715e+00,4.751466153038087781e-02
-1.666534488368364153e+00,-2.704937440510066585e-02
-1.327895714055451482e+00,1.366495523041074689e-01
-1.118250614653273134e+00,-2.363571611684853885e-02
-1.586485164569731321e+00,6.163570380736500820e-02
-1.466244313810025179e+00,1.899421064208010185e-02
-1.060413652753122937e+00,-8.614508583167288652e-03
-7.514335356155557033e-01,-2.911262033375764946e-01
-1.076310906730900241e+00,1.601808035985931994e-02
-8.889045739408154567e-01,5.593117890109841062e-01
-4.516315262574209788e-01,1.712424920460006994e-01
-1.637470243290845007e-01,3.228241512467391328e-01
2.964897310968054867e-01,-1.662090598824607357e-01
-5.316594164963193148e-01,-2.075746224004897944e-01
-1.175892540642654582e+00,3.530125240495268074e-02
-1.292763418563072531e+00,-1.454703174546691236e-01
-1.463299349053932552e+00,1.261657560775686637e-01
-1.079612342033271055e+00,-7.008803839824775950e-02
-1.408287925336189739e+00,1.583121918956217899e-02
-1.308461137952211528e+00,-4.346821967144553350e-02
-8.391458320894481515e-01,1.306796123745828653e-01
-3.823647463743968800e-01,4.578209427123285102e-02
-1.945610794923692266e-01,4.719319529532772090e-02
-2.376599480672324793e-01,-1.649975851058770315e-01
-5.586997931533245199e-01,-9.791143058115549247e-02
-1.055631308198995200e+00,-5.076377611210107499e-02
-7.460165682935192555e-01,5.735217529556219107e-01
-7.914638829417752763e-01,-1.752806393089905226e-02
-3.192500687731530395e-01,-6.139813130334725866e-01
-1.428501622196312049e+00,1.344253788157184493e-01
-8.888295416033754615e-01,3.115178948149461280e-01
-1.280770714077597905e+00,1.115731391814979712e-01
1.010525023328087274e-01,-3.638166852072721724e-01
-1.009809214520043019e+00,5.133561650304717221e-03
-1.243960095383370268e+00,5.108443732836287499e-02
-7.310620311772573210e-01,-3.480481838968653152e-01
-1.143888750094514961e+00,-1.110630767776984995e-01
1.261995141523248286e-02,-2.653309854590786276e-01
-1.201140216720099296e+00,-5.206273151391621612e-02
-8.315049717240864391e-01,9.820619532181896691e-03
-1.039613253365704093e+00,-5.052414618071323499e-02
-5.624230877569772469e-01,1.760251475124189613e-01
7.604539410710711711e-02,-2.507779958949291621e-01
2.416128138428021432e-01,2.739297524321375743e-01
-1.363690791039839367e-01,-6.745337363137194897e-01
-7.554887328402865032e-01,-2.101005692264820424e-01
-1.044785709291024406e-01,5.660556597960876291e-01
-1.388753555428466013e+00,3.555089194446960366e-01
-5.552572965505082614e-01,8.749737863909121116e-02
-1.074449814093340283e+00,1.161314694942870984e-01
-6.935330381196528338e-01,-1.394709898998561584e-02
2.731667183098953067e-01,-5.020390407006743161e-02
-6.441986395077446692e-02,-2.634421000318415973e-01
-4.879558640173215500e-01,-2.162442752077057065e-02
-6.082874871880658008e-01,-8.054939353741054353e-02
-4.639052805154556536e-01,1.964183715685725584e-01
-1.212623853485807590e+00,-4.394711367677718583e-02
-1.066948928562394261e-01,4.213073797974316581e-01
-9.449498268346145924e-01,1.066693003660393463e-01
-1.101924276731332197e+00,-1.714099936206031349e-01
-1.019926505964056540e+00,-1.688063586246468517e-01
-9.303745139075867421e-01,-1.321678342609835244e-01
-1.505126128658114681e-01,-4.676168261093122669e-01
-6.067996427991719788e-01,3.131927450022045645e-01
-6.013007824402021306e-01,-2.038822131629696999e-01
-4.632420845190453607e-01,-1.641877758187964276e-01
-1.335751757158520348e-01,-4.745366863002948854e-01
-3.949495112142511477e-01,5.144392464394181852e-01
-2.485799221609170662e-01,-2.416944444388655910e-01
-2.714580664587828429e-01,-2.741452882850652362e-01
-1.589535318925080043e+00,4.799426684949009703e-02
-1.680865636941265118e+00,7.839204994935154713e-02
-1.005385335780822453e+00,-8.207296268993861249e-03
-9.443398209301990809e-01,4.412214344808984001e-01
-3.963982214438733775e-01,2.759187473973199745e-01
-1.081808442657944624e+00,-1.375832978683111385e-01
-3.916009685922722250e-01,4.069273007979676837e-01
3.882441525733616033e-02,2.705749706972482849e-01
-1.682845952873263773e+00,8.655922198981171739e-03
-1.036524342683424527e+00,1.580259427559422281e-01
-1.347126446034710767e+00,-1.442820042171620021e-01
-8.061993748239576485e-01,1.292918513673295411e-01
-1.248480696546366175e+00,1.198221325256335901e-01
-8.351198035573375034e-01,1.073456849411789926e-01
-1.466904427333644900e+00,-4.314701632881260546e-02
-7.665252412623820844e-01,-2.938162922736064497e-01
-9.180481472688376554e-01,-6.721094408528692499e-02
-1.561642344419348627e-01,5.978141868615102772e-02
-9.338167130039530806e-01,-3.199506895466344009e-02
-1.078194006108385228e+00,-8.591804024990135069e-02
-5.960709511431218077e-01,-5.404267579793325255e-03
-1.023094479369176080e+00,-8.861619281294303221e-03
-1.133181221780829251e+00,-5.910606345826758812e-01
-4.263538114933921874e-01,-8.458086951503764050e-02
-6.382935007758711032e-01,-2.081999906880859230e-01
-9.176944734388783331e-01,-1.314578336509028000e-01
-9.605255985958940368e-01,1.229452349100729897e-01
-1.096007866029084399e+00,7.017007882268429253e-02
-1.109920133686286059e+00,-1.722895013007435389e-02
-1.796425150144453919e+00,-9.168617394316934399e-02
-1.104002876106785047e+00,1.862061623642931318e-01
-1.354150733653258332e+00,-5.904089426809244756e-02
-1.080043437810531914e+00,-2.645489403243226900e-01
-1.401408773937037333e+00,9.944099469207431929e-02
-1.505521584108167277e+00,1.865934481471736434e-02
-1.091741117142472239e+00,3.312224629646124408e-01
-1.116025035128104692e+00,1.748505848828064424e-01
-1.478931214406860262e+00,3.467393270414156903e-02
-1.528715758766292065e+00,-2.105029957786814787e-01
-1.321025198218567454e+00,2.477293274489947295e-01
-9.301852817717531918e-01,-4.628295991440283322e-03
-2.657191904415003858e-01,-1.542919827670043431e-01
-1.195527518381853227e+00,1.390782507487489938e-01
-6.809043390507820703e-01,2.058362570891433541e-01
-1.069917397796377623e+00,1.917352364188159436e-03
-5.653809778721839985e-01,1.093672833594294264e-01
-1.164701805085230024e+00,-4.759948826368088498e-02
-3.931394276897769990e-01,-1.753787280168154217e-01
-1.162041323769114509e+00,-1.142820067514959820e-01
-7.351745310284208967e-01,-2.554458903497411892e-01
-6.620265495323603977e-01,-2.560202538947696782e-01
-1.255461172066439923e+00,2.544974963307181648e-01
-8.816721792734004692e-01,4.982093200918525505e-02
-4.749125621093145955e-01,1.731558445751245623e-01
-1.517524700011659622e+00,6.881606708762263991e-02
-9.417307380024213526e-01,-2.147097848687525568e-01
-8.536972765717800726e-01,-2.376330859249685679e-01
-7.566004389374318961e-01,-1.182328936801584768e-01
-1.170606311843159997e+00,-4.881418773380255538e-02
-1.494751053965272192e+00,-9.081194557318111871e-02
-1.118407122966134759e+00,-1.202966540486416491e-01
-1.648133441532004806e+00,-1.211310919312152262e-02
-1.137080983127992884e+00,-3.560170077324606441e-02
-9.424189461244286692e-01,1.406204618638215165e-01
-1.425799069578245426e+00,-3.497900117367133133e-01
-3.224817741026962947e-01,-3.484126983856907223e-01
-2.805193558693387934e-01,4.961506292535618479e-01
-1.108659204040755020e+00,2.134519743475505327e-01
-1.106602410602172570e+00,-4.336477978409625927e-03
-8.912509891283622032e-01,7.171207040141855393e-02
-9.099935501652890446e-01,1.186381419926490627e-01
-1.073071019742063203e+00,1.905126175746229000e-01
-1.375962449386342046e+00,-9.125890506673034475e-02
-1.231833834912197778e+00,8.407705788946537306e-02
-1.179539530399526859e+00,5.086807438797612962e-02
-9.530933674995277771e-01,-8.230591975531981186e-02
-1.505896356229932342e+00,-9.855449537802857263e-02
-1.207617697653965871e+00,-1.591368667765579586e-02
-1.066245777475232082e+00,-6.297407744370475680e-02
-1.418456889082975625e+00,5.886837776988207427e-02
-5.837960391658822967e-01,3.586148509270322693e-01
-1.349322804864670156e+00,9.375699079804576674e-02
-2.052082262727132456e+00,5.970604931750054384e-02
-1.120448584934692571e+00,-2.218917588516004791e-01
-1.730853463952339855e+00,-9.101531159428022377e-03
-8.328429713415622659e-01,2.248492005789024320e-02
-5.054442081139165488e-01,-1.053893883232316225e-01
-1.313323128573977039e+00,2.026291990489458850e-01
-6.515674835272234899e-01,2.067129991787858556e-01
-1.591168373316510065e+00,-4.132899371072920602e-02
-4.684870765057247421e-01,1.806037090783472188e-01
4.731847388187856995e-01,5.580428389994195326e-01
-1.550100253496447866e+00,3.167550990240127762e-01
-4.453228378063672777e-01,-2.236815948510181284e-01
-5.867517243240293334e-01,1.819483366647744321e-02
-1.652141751301643646e+00,1.803169666247131930e-01
-1.113848512440591687e+00,-3.689209545489676723e-01
-5.893586218134074795e-01,2.083276042578820486e-01
-8.149348334592454446e-01,2.892307607788837109e-01
-1.760866695274237559e+00,1.718530964491817303e-01
-1.660933739508322349e+00,-2.919510181376442359e-01
-1.469360242319629029e+00,1.796355480418096451e-02
-1.483416623278368762e+00,-1.677159271747970595e-02
-1.104666308270275010e+00,-3.749872939290205265e-01
-1.101665840276854880e+00,-3.995144004732443382e-02
-6.747394325107899382e-01,-2.585771735869226706e-01
-1.388500601000776324e+00,1.958966099409788220e-01
-1.201291636094617532e+00,4.425575965411146506e-02
-1.344513012242740668e+00,3.703648763869392402e-02
-5.344216234049332659e-01,4.121537400855127681e-02
-8.875448532236094312e-01,1.418040022158084112e-01
-1.292886954197151272e+00,4.155331582323239931e-03
-1.133511176792856956e+00,2.042869896091023887e-02
-9.436311813256523795e-01,-1.508606988543252925e-01
-7.418685988633666462e-01,1.946102134440532705e-01
-8.106879477714419302e-01,8.427658925876313489e-02
-1.572942243709149812e+00,1.473800740027711616e-02
-8.785729888185019876e-01,-6.162613610900900818e-02
-1.167555911271687119e+00,-1.525911468169305618e-01
9.184483563164753950e-02,2.016787699221458952e-01
-7.546170528987322657e-01,9.241001228534352629e-02
-1.366346981262507754e+00,-2.506341940414313907e-01
-9.343903155243969971e-01,5.306017507298660396e-02
-1.056256969395557466e+00,-3.553700198628848561e-01
-7.686827747376450137e-01,-7.587070521560999870e-02
-5.827863865713319713e-01,-3.755968546917289874e-01
-3.547655299500642734e-01,-9.441161658971408688e-03
9.099593213636390787e-02,4.377330007417181146e-01
-1.286341147965021747e+00,1.483748646466432897e-01
-1.167287057173125531e+00,-1.484042091545231812e-01
-1.024287054561442423e+00,3.004578669506802538e-02
-5.757917824678752128e-01,5.781319322396564209e-01
-1.290262999190159965e+00,-4.014055122513428275e-02
-1.630671029607048572e+00,1.112481973364349147e-01
-1.136945401322646543e+00,-2.138983912119108988e-01
-4.551527871181288432e-01,-1.772723622169601332e-01
-1.407803752019188170e+00,1.750454349613234095e-02
-1.232993251196973006e+00,-1.264495955907540270e-01
-8.823536741491574409e-01,-3.098852105337166485e-01
-1.199992586869854438e+00,3.274369754650864606e-02
-3.402372504911432283e-01,3.765557363797998325e-01
-8.477657459069694035e-01,-2.069108123820855710e-02
-6.911917243771268371e-01,-1.500491365428468782e-01
-6.540825016729157060e-01,9.435909886184060125e-02
-1.241709231527037272e+00,3.149175512157814660e-02
-1.822249970743137881e+00,5.529093714540373600e-03
-3.565096426780737793e-01,-5.560957839903583888e-02
-1.454179833065518013e+00,-2.038085034301451715e-01
-1.102054353549760668e+00,-1.864695354289939155e-01
-1.414208903033232989e+00,-4.887786661132698662e-01
-1.008730025122527962e+00,3.420255013277584411e-01
-1.360407409803656043e+00,1.165022949002411795e-01
-7.537176268263683365e-01,7.581976583420249605e-02
-4.687679705778869388e-01,5.635466622635489919e-01
-1.131333917313041448e+00,7.212714543236789511e-02
-1.125017863976809585e+00,-6.610156700953642717e-02
-8.445127919258212934e-01,-1.080820928652054674e-01
-1.764759588107576160e+00,1.583855560888597358e-01
-9.694498832891693674e-01,1.018797855542965675e-01
-6.758524719577230222e-01,5.531311057186490965e-01
-9.231678652757235870e-01,-1.157545940177968566e-02
-7.514589234340685042e-01,-3.891987846796571282e-01
-1.209754574923220583e+00,1.528913412884237710e-01
-8.219079490234013630e-01,1.324087519249806007e-02
-1.404641091141624720e+00,-3.210607713050464551e-01
-2.003777485943494252e-01,-4.858112712869885885e-02
-4.238407989294992739e-01,-1.458466943724767428e-01
-9.680879718342815243e-01,1.697631550514232257e-02
-1.153944461733311000e+00,1.247054780583460865e-01
-1.036675741142390361e+00,-2.823896521656910075e-01
-1.496037793564918950e+00,-2.638904109628178452e-01
-1.058679999239447111e+00,2.352991833261657006e-01
-5.475309652589985809e-01,-6.101248552469705488e-03
-1.254868468129302972e+00,1.093477252880279693e-01
2.183813473735333466e-01,1.438200151438172592e-01
-1.112266142093303989e+00,-5.586505082353847573e-01
-4.715995307037015860e-01,-4.362181590202743875e-01
-4.715966576613156436e-01,3.874244444959817346e-01
-9.162300194261697728e-01,-2.569245833438474902e-01
-9.075855974572394347e-02,-8.572364618430815264e-02
-7.913500856759316804e-01,4.191796348310842385e-02
-2.121258511489483925e-02,1.259550050597553206e-01
-2.087843370618520933e-01,-2.338154717954073480e-01
-8.149510828675998741e-01,1.628127970956678994e-01
-3.326748565358581544e-01,1.641359938772607441e-01
-7.552280158007895761e-01,4.259219219919924138e-01
-1.179761204328161783e+00,-1.629910028757559082e-01
-6.800452698484870107e-01,1.808015993280935874e-01
-1.088604904323954736e+00,-1.140721676799747591e-01
-7.103709040758509063e-01,6.710541399843467092e-02
-1.825143699826994870e-01,4.306755161785764952e-02
-1.678471841468567316e+00,8.349189715184409874e-03
-1.378525683342255760e-02,3.918212264689908686e-01
-1.021231520809678717e+00,4.432907854820639093e-01
1.297280337815490646e-02,-3.685878216783039507e-02
-1.889525149805892923e-02,-1.879959285147493053e-01
-3.684484425138671859e-02,-2.403083222996973134e-01
1.684424757646498794e-01,-1.669559168606813970e-01
-1.843276033233402778e-01,4.014681162229697953e-01
3.252373083912520890e-01,2.543898127915639185e-02
-1.360955916751456496e-01,2.813666920294718987e-01
-4.442080047240628410e-02,4.072965801654948037e-01
-3.058040133096884827e-01,-3.469864813084434507e-01
1.371495778945584221e-01,-9.242185374675282450e-02
7.046372626744069889e-02,4.042780086288831343e-01
-1.000756364783473851e-01,-7.982706848536946787e-02
-2.285406195100314966e-02,-1.777162072381955060e-01
-2.268642600508577814e-02,-7.549551255982987763e-02
-3.119404426318240220e-01,2.144103352628624060e-01
3.928261059488559748e-01,1.070664699412057254e-02
-2.714620830654750350e-01,-6.665909445837495118e-02
-5.022406333314818339e-01,-2.469707554360592028e-01
-3.494095240644998213e-01,5.912735768260433261e-02
-5.194133382661701992e-01,-4.099763505309535205e-02
8.318144632175401842e-02,2.086597805627864177e-01
1.966858609406126057e-01,2.835365935522313752e-01
-7.281031366639155455e-02,2.124262448401702252e-01
5.971404594680626392e-03,2.058650365340621291e-01
-6.122336134119701345e-01,5.424866305392103127e-01
-6.333438049793514713e-02,-8.485434122929658152e-02
2.173634785927563984e-01,-4.064552184451762917e-01
-6.683893764801392967e-01,-1.990142473201624573e-01
-1.245528805492687185e+00,-2.191803891237308621e-01
-4.583714010073890455e-01,-3.473632875937859160e-02
-1.528781563821711931e+00,-3.049478291608162181e-02
-1.539927347876008490e+00,2.074920368734095022e-01
-6.074990704271270303e-01,3.452722206743007449e-01
-6.891515326826262999e-01,-3.371191584802990526e-01
-4.191679347594625127e-01,2.654116828161671715e-01
-4.950418060823715272e-01,1.074121913887574054e-01
-1.308366850441316620e+00,-2.058733936043805890e-01
-1.184672784434588788e+00,-2.074470356171162766e-01
-1.050393559510494290e+00,5.707655499283951217e-01
-1.304403397264672249e+00,-1.383932184230677875e-01
-1.499659733446843946e-01,1.462621849890652637e-01
-9.619849244662717069e-01,-4.313254412542373573e-02
-4.367673909031892787e-01,-1.863668920994626943e-01
-4.854321623006739861e-01,-6.595835938236041529e-02
-7.853517347539232807e-01,3.052040987871982858e-01
-1.940842247134021703e-01,-1.350051762278704492e-01
-1.092197305318910683e+00,-1.296678946440146529e-01
-9.489359049042976890e-01,2.962222275876990121e-02
-6.970895718401480812e-01,-4.982060201974655156e-01
-7.605168922461038594e-01,8.179230850098842542e-02
-9.991284604959438376e-01,-1.830278680310684358e-01
-1.575115434443685070e+00,-5.667336197286231697e-02
-4.153037962154119689e-01,1.153420175501231881e-01
-5.725466795044308332e-01,3.553811443318442009e-01
-1.418443047624649900e+00,-1.310726171699449494e-01
-9.458239181012209063e-01,7.609314705746351715e-01
-1.031708495222687816e+00,-1.003637337850515621e-01
-2.622230475705226715e-01,5.199794200620528883e-01
-6.124873904684375869e-01,-2.092400367576743581e-01
-1.309817174095843972e+00,-2.938384192427569985e-01
-1.284090574619638214e-01,4.466146930533333448e-01
-7.725640353022698026e-01,1.308567165144143285e-01
-1.365293686887081082e+00,7.380467221071362882e-02
-2.496940132220048791e-01,2.087015706911098945e-01
-4.832009202842753037e-01,-9.616326456522281130e-02
-3.527470718052611587e-01,-9.611339556214047036e-03
-8.311762487644103192e-01,2.389157314345882188e-01
-1.450717512847538915e+00,3.139491033260508601e-01
-8.914086214144744114e-01,-2.354495672586500443e-01
-4.488881863688916063e-01,-4.380960050983506160e-01
-1.000752763704249260e+00,2.047283334127998622e-01
-6.491279641281052504e-01,-4.496512321974213133e-01
-2.505878261888068725e-01,4.345620589083942775e-01
-3.540937334740300590e-01,-7.635100029208133909e-01
-2.912908150083500791e-01,-3.486997663412629844e-01
-5.429315047305320885e-01,-1.488626669201425501e-01
-3.535428089417544939e-01,1.499891827989732196e-01
-3.409607360964100331e-01,4.738940107531671164e-01
-1.601732529380324843e+00,2.626248678650007773e-01
-2.229032466136475765e-01,-1.899049035146942177e-01
-5.354775175243274843e-01,2.922495721958502379e-01
-1.033567885889909554e+00,1.207912731062678602e-01
-1.546106919633120746e+00,1.421352300262941071e-01
-4.700131117623009697e-02,3.171164776226239601e-01
-4.721472605868306527e-01,7.246203590258450955e-01
-1.115032909688201901e+00,2.136797182830680875e-01
-4.051002727972443096e-01,4.903943612468900787e-02
-6.840391631285533958e-01,2.953449722164072644e-01
-5.727773243521783186e-01,8.850586927282626248e-02
-6.991257572939701959e-01,-6.044349362881202836e-01
1.622803162620868947e-03,-3.670991076165938116e-01
-5.750003267168332100e-01,1.212075444900467674e-01
-9.501212239073247856e-01,7.120169557780543501e-01
-1.519972141286581591e-01,5.135682920067669022e-02
-3.281772113614991881e-01,5.928033774398689948e-01
-1.073795518211497546e+00,-2.436272610446469089e-01
-1.180661736352095204e-01,-1.620216793164501734e-01
-9.607243670836878024e-01,-3.334172552910920351e-02
-2.847556069405127732e-01,-2.263153333143821389e-01
-4.241518482957324365e-01,-6.891923924587076700e-01
-3.109875114428262144e-02,-6.485769894621709053e-01
-3.712236304228183070e-01,-3.852781287201534344e-01
-3.328771760138317659e-01,-1.270459788675764867e-01
-1.171776033750056012e+00,-1.868964621096302070e-01
-3.796330291204271234e-01,2.583357347098205192e-01
6.738858888122513102e-01,-2.283628495302886807e-01
4.449998212757699106e-02,-6.003677871563977558e-02
-5.013212680858150083e-01,-2.028950022881984561e-01
-3.584806135499861157e-01,-1.259766345125472864e-01
-6.397851742017310883e-01,-1.129123682419672925e-01
1.253607589537275302e-01,1.715095510388338074e-01
-5.980256306893702023e-01,-2.735300280539234019e-01
-5.096858095266281197e-01,4.706090008250898293e-01
-8.318023195673139858e-01,-3.020945523735796973e-02
-2.514123614278434005e-01,1.224605477111646301e-01
-3.691316953678052126e-01,-2.341789136545411043e-01
-6.115416604068110162e-01,3.445742748559655344e-01
-1.540414365520833828e-01,5.008852156350347418e-01
-2.721823962086159510e-01,-3.461740933592071245e-01
-1.844952751965012738e-01,-3.731204769978629932e-01
-4.005866376981750965e-01,1.845735782879536491e-01
-7.461242099334086664e-01,-2.056598457474229646e-01
